ingot_max,ingot_min,ingot_len,ingot_maxmin_diff,oil_pressure_max,oil_pressure_len,mould_mean,mould_maxmin_diff,bucket_mean,bucket_maxmin_diff,label
530.8071501358696,435.61903211805554,64,95.18811801781408,156.47623697916666,64,402.4768504754435,11.12498536100702,412.8237813636506,1.7161600074221042,B
538.3895803052326,388.5527768342391,135,149.83680347099346,177.85587754360466,135,382.11838160093174,15.836198200551053,411.09975203438023,2.914850354770522,B
591.2593500664893,420.6663480718085,113,170.59300199468083,169.98888380984042,113,363.0341084039359,8.257237876333818,414.4101399904524,2.950723050820727,B
534.03564453125,373.3097330729167,157,160.72591145833331,191.58365885416663,157,354.0606431100057,12.090155418882887,417.4381173664044,3.5759203361742493,B
519.6934678819445,377.2601744186047,190,142.43329346333974,209.9646526834239,190,342.40553464897295,10.990037290958014,420.3634650541862,2.968533186863965,B
555.2137586805555,438.1541907269022,178,117.05956795365336,214.87824813179347,178,337.20442970101357,9.448538414749748,422.1661386428648,2.8237749439801405,B
494.7878689236111,428.02734375,191,66.76052517361109,219.1009521484375,191,333.19530090359916,8.385095840845338,423.48284045164695,1.14990234375,B
480.1834542410714,356.6217041015625,51,123.56175013950889,170.40750254755434,51,330.81042336896144,5.081207583649018,423.4586197080901,0.673828125,B
495.2476607921512,445.6162109375,200,49.63144985465118,225.6561279296875,200,330.48458146319683,5.333409164891123,423.4849691919813,0.9611350754790919,B
490.2447775135869,426.8234592013889,152,63.42131831219797,196.89069475446428,152,330.3369472792056,5.121645720108688,422.68268915688515,1.741435521640824,B
555.9805575284091,352.11037375710225,188,203.87018377130687,230.6623186383929,188,330.640892980378,5.352383184130588,422.06392611281376,2.1729963099060683,B
504.0877278645833,453.4347401494565,187,50.65298771512681,225.58282081117025,187,332.2370418928907,6.831941150483658,421.7632188170485,1.8003028330176107,B
507.5992838541667,478.5904947916667,204,29.0087890625,222.44651100852272,204,330.2810448084187,7.623581659226204,422.110328199152,2.101732336956559,B
505.61143663194446,371.8403008643617,175,133.77113576758273,225.36978372713412,175,331.4436523015566,6.530288053457639,422.45335929450397,1.0063075558575179,B
504.1412353515625,418.68308327414775,178,85.45815207741475,221.49769176136363,178,333.09616917663914,6.363183232394761,422.1941524893459,1.876331676136374,B
495.27587890625,376.0856119791667,186,119.19026692708331,221.0656207540761,186,334.184493258938,7.425078263519481,422.4725681853187,1.1402600220959584,B
482.8781467013889,354.53402432528407,39,128.34412237610485,168.80450581395348,39,338.12588615275513,5.764034446985079,422.48210490272845,0.705217633928612,B
495.7439738948171,424.85243055555554,195,70.89154333926155,221.08072916666663,195,338.0186836735856,5.85790072086354,422.1480322871722,1.9483555216392574,B
496.5457286005435,415.58116824127904,181,80.96456035926445,225.13950892857144,181,339.1126961393045,5.8963391207909694,421.68212648586353,1.9352820102225792,B
496.6859994283537,455.1914685837766,188,41.49453084457707,222.21156529017856,188,340.4776089715817,7.107724309249363,421.44010058681215,0.9778611203457217,B
494.4399310172872,418.0556017287234,165,76.38432928856383,207.30245838994568,165,343.25539676970317,5.175132567179958,420.77421067598857,1.939844693538646,B
499.1322544642857,424.50042724609375,191,74.63182721819197,223.77392578125,191,342.85841317644866,7.990354525612872,420.509439497361,2.2607800387596626,B
524.5326005651596,458.7787291061047,179,65.75387145905484,225.11782438858697,179,339.6421457520614,4.627482096354186,420.4062776190787,0.9979926215277715,B
506.73276154891306,415.4209833559783,189,91.31177819293475,220.58268229166663,189,338.64565487083297,4.271350085313486,420.20696389928077,1.8776713937952536,B
511.2906161221591,492.37020803052326,181,18.920408091635863,220.71159518494895,181,338.37619886205164,5.372698314269485,420.0646082785592,1.985708565038749,B
575.7805686773256,395.9878864694149,172,179.79268220791073,217.3614501953125,172,338.3338288876349,5.473230437152381,420.20716842646283,1.8044473995271915,B
496.8470536901596,444.8638119904891,206,51.98324169967049,218.66526884191177,206,339.15518703242554,6.613421726844422,420.43894406248563,1.092930437942357,B
510.0607754321808,458.42035821143617,184,51.64041722074461,225.4499162946429,184,341.00565445212015,5.3525742946345645,419.6828265860637,1.7901989621877874,B
491.12646484375,455.6006920855978,184,35.525772758152186,224.53724254261363,184,341.88745730678266,6.212317425271749,419.041083163044,1.9734022352430998,B
496.2813313802083,431.9052522078805,148,64.37607917232782,204.54254150390625,148,343.27612562138586,5.803366268382376,418.392764438461,0.9865993923611427,B
497.34130859375,387.6829496343085,188,109.6583589594415,222.77943004261363,188,346.6314892991444,4.221043442234873,418.40082741303854,0.9445411571558111,B
495.2715070857558,346.39692826704544,175,148.87457881871035,221.9671075994318,175,347.2150434608799,5.706907732213438,418.38161772241824,1.1113705842391255,B
498.8974397078805,329.0657552083333,175,169.83168449954718,221.11069036989795,175,346.7434571912164,7.518444495665108,418.3894824669709,0.9415879360465169,B
499.24262152777777,462.76711203835225,137,36.47550948942552,194.708251953125,137,349.2749107604566,4.227289024758534,418.39496478413844,0.8536719521985674,B
567.0170557776163,386.524658203125,185,180.4923975744913,218.536376953125,185,348.88823426120103,5.156688201121767,418.39366317991664,0.9414564633200371,B
498.5851271609043,343.57305112092394,178,155.01207603998034,219.2138671875,178,348.47899525251745,5.100710172179731,418.4134780245377,1.087386760305776,B
303.0576963682432,302.16081175085617,3,0.8968846173870588,141.2326006822183,3,358.81059315415587,0.6571278577379758,423.2803602923946,0.2762739060764261,A
303.19959852430554,301.9107394748264,73,1.2888590494791288,4.333166173986487,73,150.52781240765165,1.8557986697634874,422.5871703195728,1.5993001930501691,A
499.9464897260274,301.8490261501736,210,198.0974635758538,124.54833984375,210,353.804606170709,258.4616287516059,420.09242621171484,4.473418473078027,A
483.43637827280406,301.9992776113013,96,181.43710066150277,106.78117081925676,96,344.0259442367754,16.001626330112515,414.94959414434453,1.6370056245243632,A
305.0345755912162,301.7675112371575,197,3.2670643540586752,120.7693439640411,197,331.3384331103831,21.709703419306493,412.00545142760143,2.5618751571930716,A
497.5056393045775,301.78288640202703,147,195.7227529025505,105.7175727739726,147,312.1277693909757,12.509024002545686,408.8750064215709,1.5457120936234219,A
304.3848325128425,301.8517899186644,66,2.5330425941780845,112.57423194679056,66,306.27699646415476,12.704064538170996,406.35887221465447,0.730833288741394,A
303.099582619863,301.685573630137,95,1.4140089897259713,4.235003745719178,95,150.5301815599462,2.5417380136986196,404.41635105216784,2.4214845196224246,A
502.2715393926056,301.8705185145548,156,200.40102087805076,4.257076733732877,156,174.94090213406872,265.4329866976352,403.3217731764111,1.4692060224286934,A
511.5366617838542,301.61534139554794,134,209.92132038830624,171.87878246038733,134,383.14095212848724,23.118073517853816,401.9941263268235,1.4519585503471717,A
509.6830185145548,301.6905088682432,163,207.9925096463116,185.85556239297944,163,364.02554373656307,13.997623503219643,402.22967899075917,2.3490452875284973,B
516.9369904891304,301.8822238869863,126,215.05476660214407,185.43216235017124,126,346.69567526570256,11.464504665798586,409.63978569951104,6.175611413043498,B
514.3280029296875,301.8336940456081,150,212.49430888407937,185.10608411815068,150,338.43260685129286,8.723405579635141,417.73701494139493,7.329678244168804,B
503.9892578125,301.7186124559859,185,202.27064535651408,174.04250053510273,185,333.28512547406643,8.931175940294338,425.3073738166625,8.271088471283747,B
494.453125,301.7206897474315,152,192.7324352525685,177.88821703767124,152,329.3718421271804,4.2153419649843045,431.3596319354154,4.450147587120512,B
507.5502996575343,301.732395119863,118,205.81790453767132,183.4417638644366,118,327.3753500016794,2.499933112157521,436.2400481859105,1.4228164123630336,B
496.7696516481165,301.9191432643581,106,194.85050838375838,184.7609428510274,106,326.7919034452385,8.843876312138036,439.38290267836703,1.5732020547945353,B
501.1376953125,301.7768755351028,104,199.36081977739718,150.96920483732876,104,325.827372939022,7.898618097174676,441.30978758494007,2.5117639961390523,B
303.371147260274,301.8179630887681,128,1.5531841715058476,171.1017765410959,128,325.9364494099733,3.1755003210616337,442.2281942451177,0.60302734375,B
510.6831318623311,503.2536687077703,69,7.4294631545607785,165.09290721318493,69,326.2216704156304,2.8728328339041127,442.89901758329626,1.4341295758515002,B
497.96778719190144,301.7540825737848,138,196.21370461811665,182.30482127568493,138,325.5833654620894,8.289921391117673,443.24196133824444,0.4575128424657464,B
504.20196963028167,301.75645616319446,158,202.4455134670872,182.38492398648648,158,326.0974134733944,8.106806506849352,444.02787387733275,1.5691887842466485,B
513.2133588398973,301.8336940456081,162,211.37966479428917,161.8210883989726,162,326.004023369835,4.0000141530796895,444.21099358603993,2.526642330109098,B
512.7523886190878,301.9006677576013,163,210.8517208614865,177.6458740234375,163,327.39749655385845,3.378556017824792,444.46015630759143,1.7396901467927819,B
510.7477961359797,301.7990524704392,164,208.94874366554046,181.5654032939189,164,328.29626857171485,2.9328972162913374,444.2121241009145,1.5740245944789422,B
303.15185546875,301.708984375,60,1.44287109375,167.46568276848592,60,329.3114596763323,2.499933112157521,444.1266417183076,1.3592694256756204,B
501.4916314019097,301.7597920185811,159,199.73183938332858,180.96822102864584,159,329.6693940682423,5.055590391665078,444.15248155013734,2.4188361226166535,B
501.1170269691781,301.5819652660473,161,199.5350617031308,184.87890625,161,330.58609939009875,9.394397474315099,444.4370883630157,1.4528039383560554,B
496.804767765411,301.7919921875,162,195.012775577911,179.90010579427084,162,331.1182843913902,8.89239969716067,443.9239142512501,1.5049764554794933,B
507.2282120988176,301.7956041309931,170,205.43260796782448,176.8630569045608,170,332.0820682198256,3.5394119889768945,443.49218285600904,1.4985420334506898,B
496.7041015625,301.78389875856163,184,194.92020280393837,187.4267578125,184,332.3187800131442,8.931199165239661,442.87569045044444,1.7598191352739718,B
303.52628466109155,301.98523116438355,47,1.5410534967080025,120.88521321614584,47,376.4069330640612,2.473619249131957,439.296368317025,0.6299817884290633,A
303.5793728298611,301.7277129708904,74,1.8516598589706632,112.74732506793478,74,376.6343648095532,3.0465043952954147,438.52753167977886,1.641845703125,A
457.3001437717014,302.0086419092466,72,155.29150186245482,117.85069295804794,72,376.59390793850656,10.079719160245475,438.5642048033537,1.4609869414970262,A
303.5912082619863,302.0530906883446,12,1.5381175736417276,131.50082940924656,12,383.219032247979,1.9473076418701112,440.33592781602925,0.4475974300194139,A
303.60041437922297,301.8614073057432,24,1.7390070734797405,118.69419642857144,24,385.6613717628775,2.026711047535173,443.29885770422925,0.48092358732867524,A
525.4735659246576,301.728515625,145,223.74505029965758,144.78125,145,387.00878896291374,3.5873802888398245,444.3581746527692,2.4150970319633984,B
533.729722764757,302.07966549295776,121,231.6500572717992,125.21379743303572,121,387.50598271175716,10.295471493445461,446.21243300894713,1.3025165117416577,B
302.60145399305554,302.034166124132,20,0.567287868923529,4.110592358732877,20,155.0480314339889,1.6100084459459367,446.2250328056301,0.4356070740582254,B
520.5481487771739,301.56982421875,178,218.97832455842388,127.56682095462328,178,225.0386619771906,262.9962829659545,445.04994807408366,3.4046194439754345,B
494.3091823630137,489.47094066722974,44,4.83824169578395,128.9495763644366,44,374.6041395320894,6.055795641867746,438.403950212255,1.3967877254967789,B
304.15210992517603,302.0037222599637,113,2.14838766521234,139.87377269847974,113,290.09438987645945,208.6742504222973,435.65326796391315,2.5472748406583605,B
303.4296741224315,301.6949379280822,156,1.7347361943492956,4.475799978595891,156,228.52203253548913,4.594516860074947,432.61587634409284,3.482761325778938,B
303.5302734375,301.81730028609155,131,1.7129731514084483,4.395534567636986,131,225.5440884603691,3.153784997205605,427.49975778824825,3.445013131710539,B
302.78353756421234,301.8960488809122,39,0.8874886833001483,4.400469805743243,39,222.71386022337282,2.094990498310807,422.7922346188063,1.3603362738503506,B
303.3847384982639,302.0086419092466,50,1.3760965890173225,4.283650716145833,50,219.57676547233922,2.5499131944444002,419.68829782342885,1.540596993477834,B
302.48046875,302.4272197001689,3,0.05324904983109491,4.247000558035714,3,216.33652782944773,1.1630588107639142,415.28445385256913,0.3446064298114493,B
303.1146841989437,301.68287489149304,142,1.431809307450635,4.2816162109375,142,213.64241781856197,3.18316810703746,411.12481041523813,3.2803682109782244,B
303.19790774828766,301.59582189611484,168,1.60208585217282,4.261271158854167,168,209.5211862630544,3.8960774739583144,406.7459175116877,3.3354423415492533,B
303.3509950380068,301.74072265625,235,1.6102723817567721,4.359457526408451,235,206.5982719618816,4.449288766305415,323.4215988583599,304.2530681735964,B
302.78821971318496,301.64343428938355,123,1.1447854238014088,4.124638805650685,123,202.21104877564204,3.025948660714306,100.69563665520084,0.43477097602739434,B
303.1440630351028,301.62704676797944,377,1.5170162671233811,4.284166309931507,377,198.55886158567455,5.640387972096278,100.68843909005331,0.4702982995099205,B
302.4068196614583,301.8354023972603,4,0.5714172641980326,4.024251302083333,4,193.31814174596389,0.38664763396207036,100.6780498300165,0.05632463518207942,B
302.345756635274,301.9733072916667,3,0.3724493436072862,4.0283203125,3,190.98491604832574,0.4125419163812296,100.6493887937595,0.06287457191780277,B
302.7624678938356,301.692369249132,19,1.0700986447035916,4.048665364583333,19,189.82763698308992,1.861572265625,100.68696491492392,0.22605931814845803,B
302.8839111328125,301.7253718964041,68,1.1585392364083873,4.268678477112676,68,188.12186115432002,2.197265625,100.68876177683326,0.3272153253424648,B
302.9171413845486,301.7651701626712,40,1.1519712218773748,4.111595676369863,40,185.59628508287756,1.9430918236301409,100.68134411157521,0.31135335127201813,B
302.6466163429054,301.58724850171234,46,1.0593678411930796,4.173801369863014,46,183.89359232049728,1.5514360710292294,100.69776165189585,0.36436700238337494,B
302.9385036892361,301.8236970248288,14,1.114806664407297,4.106511296452703,14,181.96023152807538,1.3927744549488636,100.70771065495146,0.3016641695205493,B
302.81982421875,301.561496682363,140,1.2583275363870143,4.210924122431507,140,180.4088739058026,2.684849861415131,100.68276774369063,0.25953068495432774,B
303.0714897260274,301.5474502354452,178,1.5240394905821972,4.172798052226027,178,178.69111115793268,2.540065817636986,100.6975501077,0.3664308840089916,B
302.89141680743245,301.6247056934931,96,1.2667111139393228,4.128766741071429,96,177.07970231634508,2.4227212766155333,100.70325983821317,0.3701708916517674,B
495.66977163461536,441.87586805555554,33,53.793903579059815,180.9469353170956,84,381.9128599179273,13.890116577828906,412.4041135148469,3.7385516826922185,B
484.5712738037109,472.1030578613281,49,12.468215942382756,196.0632061298077,160,359.86751195324626,19.7011675153459,412.90303036429833,5.711940575509004,B
486.363037109375,393.2566189236111,62,93.10641818576391,197.17654239430144,175,340.68783328537427,19.039096254290996,417.3491381930861,6.551811361381681,A
495.9993785511364,401.4532165527344,149,94.546161998402,197.2562144886364,176,329.1820721950633,13.517980441241207,421.2517311671474,5.446201869419724,A
500.2220200047349,444.4859054337687,162,55.73611457096615,197.2562471277573,170,321.68158038324356,9.125890960006473,422.89187978229927,3.8978125870958706,A
496.31392728365387,353.50018310546875,123,142.81374417818512,198.5139508928572,149,318.37116070728973,5.336391487249159,423.93984288682185,5.123666616586547,A
500.3736129981884,445.8743489583333,128,54.49926403985506,197.19883978544777,141,317.4853046689204,12.613629011387161,424.703558411528,4.571886204961515,A
495.4267578125,481.85731336805554,61,13.569444444444457,195.575985179228,140,318.9080995056913,12.774247389573304,425.6597985598218,3.7347565979515593,A
511.7867690577651,400.8577423095703,122,110.92902674819481,194.7957000732422,136,319.1937909772896,7.232897688060689,426.1752452175847,3.215680803571445,A
496.12934027777777,363.77392578125,50,132.35541449652777,194.14678485576923,135,320.9814699790747,3.448486328125,426.82382340184216,4.941129168580346,A
487.775390625,363.9817991394928,77,123.79359148550719,192.9333814538044,137,321.6015080345716,7.665666852678555,426.83536693123824,4.918101777643415,A
495.12646484375,474.9221297554348,156,20.20433508831519,195.11307719216416,141,324.55373266531194,4.3783041147085555,426.4697171454243,5.452134352463929,A
489.5221449908088,398.28658353365387,131,91.23556145715492,195.95155334472656,140,324.7094995606444,4.287526227425815,425.1954858831124,1.760179792131737,A
485.9469651442308,420.21150143045776,56,65.73546371377302,195.81617647058823,140,326.07115534278404,4.778355596226675,424.87679906872313,3.7786631579716072,A
495.4476964613971,343.6226679104478,136,151.8250285509493,194.36769104003903,139,328.2826556792964,5.201339721679631,424.9369695343109,3.815277099609375,A
493.1956881009616,334.5775792738971,138,158.61810882706453,194.5701851222826,136,327.7809458836723,6.307949862637372,424.0117554528567,4.832624352496623,A
498.7601102941176,381.98681640625,114,116.77329388786762,193.5494384765625,133,329.20896983620986,4.341709934653181,423.41795379265375,5.037013673222873,A
499.6780359604779,398.98052978515625,125,100.69750617532168,194.0518341064453,123,332.745027016376,7.018047830332819,423.23975515223657,1.6903540767840468,A
502.6875,492.8193359375,115,9.8681640625,193.613525390625,128,331.17796983274326,4.635129656110507,422.69493268225597,3.812779017857167,A
502.81332632211536,470.8993988037109,106,31.913927518404478,189.878173828125,126,332.1379944086878,5.297968937800476,422.8582436338337,1.8466646709138672,A
493.2456430288461,399.4717079936594,61,93.7739350351867,188.9981231689453,127,332.05076381559394,4.859554233835695,422.40185290828606,3.5440290178572127,A
506.0029296875,354.039453125,63,151.96347656249998,189.1726792279412,126,332.93839040103495,4.456560376664299,422.61572313766175,4.346731434697745,A
500.8782301682692,346.02584134615387,113,154.85238882211536,191.00413161057693,128,333.6654215850367,12.029060950646056,422.67839452798694,4.225027901785666,A
492.0562762360075,453.42236328125,93,38.63391295475748,191.12799944196428,131,334.47037492106705,3.507909733495751,422.4057283570501,5.343394669566635,A
493.51645132211536,446.31787109375,102,47.19858022836536,192.1367652529762,130,335.4982798683413,4.63624563276403,421.6599933875212,3.974792767018812,A
497.05562279929575,485.1747589111328,118,11.880863888162935,192.48193359375,131,337.1686670725722,8.07249391233762,422.0085632428266,1.8161097092821592,A
494.2997616038603,428.26742788461536,84,66.03233371924495,192.5115399427817,129,337.25554637594604,9.885012448488908,420.9943528210062,4.187692751466557,A
494.2077026367188,339.9254557291667,78,154.28224690755212,192.2073284646739,128,338.0499387143326,12.063638487858555,420.6717433871536,4.030512249658955,A
504.0611979166667,486.22265625,120,17.838541666666686,190.8540802001953,127,339.28783633562574,3.5947854178292573,420.74743523966583,0.8291320800781818,A
505.0599609375,362.77973090277777,114,142.28023003472225,189.86090959821428,125,339.82144617615074,3.365256569602252,421.2115240266328,1.7109759155021607,A
507.7939601089015,396.6493682861328,116,111.14459182276869,189.8534007352941,125,341.2776095465703,3.6457679301807957,421.19209040686343,6.779436383928555,A
510.05679086538464,463.5264237998188,124,46.53036706556583,189.47393329326923,126,341.00713463408556,4.539545031561374,421.41879983576996,5.63325233416947,A
506.0030059814453,400.1849492770522,84,105.81805670439309,186.80014436141303,112,342.3351856842607,3.6425234666511415,421.2220246677904,5.086979643620339,A
499.1940104166667,345.75634765625,46,153.43766276041669,196.62308933423915,171,342.44821070135555,4.945214715085626,420.7527576037475,5.022772780987509,A
498.712890625,328.9388732910156,153,169.77401733398438,198.5328730193662,196,342.8523761236924,4.910565804744124,421.1226794972413,4.68331473214289,A
493.66399173460144,364.4670973557692,182,129.1968943788322,198.86407470703125,214,342.14848647917967,6.506121196444099,421.22359537867993,7.865399857162799,A
502.140625,387.71435546875,150,114.42626953125,198.8801618303572,204,340.82129402394827,5.154726435536247,421.48712049400257,5.263530344202877,A
504.78802490234375,365.4688251201923,184,139.31919978215143,199.972265625,190,340.40429848592174,10.753036459998384,421.4391878249779,4.312838387269437,A
506.81171875,352.0502166748047,22,154.76150207519532,199.23028564453125,172,340.6718934055891,5.114350818452408,422.74053019932745,4.854712853064768,A
507.8411316802536,452.00390625,3,55.837225430253625,195.76730346679688,164,340.5787272466707,4.599598475865037,424.2311205391238,4.642376001330376,A
448.3088269589553,419.18125915527344,23,29.12756780368187,194.1756036931818,161,341.337046882504,8.224458836797453,425.93559663195174,5.033172123015845,A
511.1373948317308,334.6666412353516,64,176.47075359637915,196.5604137073864,168,342.2273559558884,4.942289540465424,426.79333836010454,4.458233071149891,A
484.4030456542969,353.9701538085937,3,130.43289184570318,198.9289997799296,185,343.49642904307484,8.935285762032152,427.04545526929905,4.571386152392336,A
501.54298400878906,430.5048828125,46,71.03810119628906,198.18226841517856,182,343.3710916929471,5.060954670329636,427.39633086981246,5.568204581876387,A
494.7091966711956,403.2899639423077,75,91.41923272888795,198.58941650390625,183,343.7212301714959,12.557000824899376,427.9077528434333,3.648715549045164,A
483.4487373459507,343.9538892663044,3,139.49484807964632,199.49004836309524,181,341.9336501382346,4.9194648537531975,428.01749881674107,4.875179006092594,A
502.4504957932692,380.6543426513672,49,121.79615314190204,199.0379585597826,184,343.8577243433152,4.305346034473587,427.6699029302543,5.862344595102229,A
501.46376953125,493.1904296875,58,8.273339843750023,196.66820126488096,173,343.578196400265,3.6670639935662166,427.9081133989318,4.94537353515625,B
511.0240642490672,402.59302497632575,19,108.43103927274143,195.4880022321429,165,344.783596685025,3.948628823904812,429.1097132648851,4.163629236355575,B
505.3060607910156,432.4819641113281,3,72.8240966796875,194.05984497070312,161,344.5337561027942,5.836727518430905,430.07965011214975,4.578147240553847,B
496.2511138916016,432.9038696289063,3,63.34724426269531,195.1321563720703,172,345.3855528498434,3.7155073500331923,431.0361303587268,4.852534052151327,B
495.61918569711537,423.0852614182692,42,72.53392427884614,196.35324096679688,174,345.7289486773882,3.9392341126082897,431.8884513823742,3.6801978403539692,B
497.0948016826923,344.0539362980769,44,153.04086538461542,197.50680541992188,177,346.3033214292547,4.395856584821388,431.0757681076885,4.715922341417922,B
498.6745357789855,493.2779504024621,56,5.396585376523376,197.5325055803572,179,346.0611767086938,5.120556171123781,430.14813900372866,4.9820766887289665,B
502.94772518382354,497.7047776442308,30,5.2429475395927625,196.85220336914065,172,346.87135737698725,12.151740579044144,430.7552212083292,3.9239940374669118,B
509.48383246527777,399.68212890625,60,109.80170355902777,196.3623962402344,165,346.7816868433132,4.126107514794171,431.0059411176795,4.758887116265271,B
512.4090270996094,326.6237335205078,68,185.78529357910156,195.4384765625,163,347.69731780334456,3.087517371544493,432.0242129044868,3.9810534871598406,B
500.67520356514086,352.49106069711536,4,148.1841428680255,193.5830078125,158,347.22850692355433,5.073642560717474,432.0804625608322,1.7795246109189975,B
500.84157824160445,335.20069885253906,47,165.6408793890654,193.07455842391303,160,347.2310475979126,7.714810578719437,433.0445306777371,4.648141299976999,B
501.662109375,380.8279113769531,42,120.83419799804688,195.8761858258929,174,347.6086331856923,4.936290922619037,433.59656079571266,4.193608901079983,B
447.2891499533582,330.3078941231343,53,116.98125583022392,188.7800958806818,97,363.6542403462495,15.298749766591982,409.18268944454013,2.8631653448547922,B
501.7005597014925,407.9391470382463,53,93.76141266324623,198.8648262593284,179,339.75239419264784,21.639737215909122,408.1457435198879,5.590212997512424,B
501.6735265395221,415.003876657197,48,86.66964988232507,197.35516266324623,194,320.22848594950096,15.193475096110319,413.0230487895352,5.273669383904348,A
513.3999467329545,433.4030142257463,121,79.99693250720821,202.5313083022388,158,312.41472477463435,8.503017140858162,419.41612603453575,4.77462121212119,A
505.9632753314394,444.9144268889925,28,61.048848442446854,201.37036497201493,137,307.13931251440295,5.900893260967905,421.5842132489572,4.640769872229782,A
517.4471324573864,408.4926539179105,116,108.95447853947587,197.68212890625,133,305.5968501209338,6.76151160037881,423.56907783819224,3.9800606343283107,A
514.1197916666666,382.40896105410445,77,131.71083061256218,194.56955788352272,131,307.31604182705087,5.148540412285172,425.36636124006145,2.0692767518939377,A
511.68060487689394,486.1960227272728,77,25.484582149621133,201.3888494318182,146,310.7438578569354,5.2162284281716325,426.4158832119292,0.8759911380597032,A
513.9369898554105,372.8204456676136,123,141.11654418779688,197.5060197061567,133,309.1069929392411,3.4684587096477912,426.388374068341,4.068270596590935,A
512.712642840485,377.1312902113971,134,135.58135262908797,197.6932875689338,130,308.413087485703,2.885298295454561,426.4015119610549,3.7614060956027515,A
512.2862189797794,482.9074451958956,146,29.378773783883787,194.52823285914172,129,307.92223565836633,3.317761777052226,427.3485940666197,4.189015858209018,A
511.8524370335821,383.78125,114,128.07118703358208,193.05810546875,130,309.0221118752952,3.545918975788709,427.4317312478091,0.8389559659090651,A
512.0162954757462,432.0755948153409,120,79.94070066040535,193.3455255681818,123,310.1160720046061,3.8807427705223176,428.50519465414976,1.3257575757575637,A
517.891941236413,485.7387476679105,129,32.1531935685025,194.6987669076493,128,311.2010301059739,3.09783093587464,428.47336078664915,0.9248192630597032,A
516.1446792140151,365.6654034514925,103,150.4792757625226,190.59995918843285,127,312.7641615977812,3.2745132204743186,428.9392696897194,8.607418393493731,A
518.0895668143656,482.1906920475746,104,35.89887476679104,189.38156960227272,124,312.9689885889974,4.128527285447717,429.4308522961638,4.04398903917911,A
511.95256491268384,434.6271456866197,18,77.32541922606413,190.1981984608209,125,314.1040499208297,8.83764769900489,429.55685382829904,3.7478479614793514,A
497.9439956202651,448.7813228777985,122,49.16267274246661,187.9866388494318,108,315.6973287051515,3.6518402306648454,430.4842914572882,3.9600793087121247,A
516.587461529356,323.668362290112,88,192.91909923924402,193.83625816231344,130,316.32913564884603,3.526657022894369,430.3869585910285,1.894093983209018,A
508.3075443097015,428.7042347301136,96,79.60330957958786,194.51518110795453,131,317.85714996866085,13.26375932835822,430.0646994528803,5.023685624271593,A
506.9020959654851,365.3293201958956,120,141.5727757695895,194.5051935369318,134,319.671629870975,11.762476679104452,429.4758652715029,3.796480576520821,A
506.71334246735074,322.4950297341418,99,184.21831273320896,191.9503603653169,142,318.6703420775116,5.400244869403025,429.50790578578335,3.948064630681813,A
514.2052408854166,497.0661991003788,133,17.13904178503782,192.7419980177239,146,319.6623364129356,4.062937266791039,429.4195457656919,5.294483724841712,A
513.3714636600379,372.9084842566288,122,140.46297940340907,192.6687558302239,141,322.12261519685603,4.788485440340878,429.4686740831229,3.563724347014954,A
508.741669625947,348.8593021222015,153,159.8823675037455,192.52336462220148,142,319.4464825937622,4.259707322761187,429.3958597922357,4.288683535447774,A
513.74951171875,454.5432559742647,129,59.206255744485304,192.83339293573945,153,321.5336796585599,5.781615493201571,429.50169741660676,1.6586986940298516,A
517.5403497869319,427.1324869791667,101,90.40786280776518,195.78249289772728,136,321.2451447039438,4.105007632293109,429.30923077258257,1.6241369501922236,A
516.1496294806985,462.3582800662879,52,53.79134941441066,194.7557262073864,150,320.7509440806159,4.1746534108576725,429.2152496766338,1.691446287321753,A
506.47612523320896,370.2880415482954,160,136.18808368491358,194.2636864505597,180,322.21595533484924,3.2546838340259114,429.45897947783476,3.9929745802238017,A
499.2116662779851,363.40097364738807,157,135.81069263059703,198.22389914772728,176,322.40814802322245,3.1150289921133094,428.76471300182726,1.710699146729553,A
496.6481897154851,453.4899574393657,160,43.158232276119406,199.8497697061567,245,321.4032703344845,5.854985768953554,427.49177534011375,4.965893190298516,A
499.3825647154851,342.04121968283584,263,157.34134503264926,207.73915578358208,291,322.14392848373865,5.6052403707592475,424.6417467120748,3.178929570895548,A
505.8234493371212,382.7972892992424,270,123.02616003787881,208.85622336647728,335,318.0956713401374,4.914526845894613,422.427883308918,4.546756628787875,A
525.9202862639926,322.61181640625,316,203.30846985774258,210.8238106343284,161,318.1578496361278,9.754693330223859,420.0193099066984,6.053064312669619,A
509.6427704782197,426.29925081623134,14,83.34351966198835,201.86338327891792,157,319.26103292719944,10.508978544776141,420.25518476328153,4.648145988805936,A
511.7051072761194,391.92825909514926,31,119.77684818097015,196.4017223011364,180,319.57507090857473,4.427146630951768,422.4836799670171,7.085245823439664,A
519.7231889204545,349.6627798507463,136,170.06040906970821,197.3165642233456,192,320.2986032640592,3.9575935132575637,424.3429707792065,4.226883852832771,A
515.0027669270834,357.9934409981343,123,157.00932592894907,191.9658494636194,136,320.912540448876,3.872514204545439,424.41752993932215,4.765181107954561,A
507.12911030783584,397.3650864109849,120,109.76402389685097,198.0909926470588,197,322.1475665000333,4.191605228474089,424.3370820021399,4.660866477272748,A
512.9701112689394,350.0080936316288,182,162.96201763731057,201.0030608675373,199,321.8453645594495,3.701754897388014,423.58251467253723,4.932899423337858,A
500.9608500466418,409.8458510890151,190,91.11499895762665,201.4807748367537,208,322.0691628591285,3.7097537878786966,423.3538179358497,3.767053404850742,A
503.3506007339015,353.8714727145522,120,149.47912801934928,200.203955806903,204,322.2447594160312,10.798667793843265,422.49352865625576,4.538829291044749,A
509.0472539645522,443.6319543087121,92,65.4152996558401,198.96741832386363,189,322.3496816874716,4.15950034981347,422.64824333845667,4.752272903946164,A
513.1927971117424,483.93793726679104,91,29.25485984495134,196.7024591619318,172,322.0801324271131,4.879168610074657,423.0005796910863,3.9388020833333712,A
517.7630356297349,339.14104769123134,34,178.62198793850354,196.51123775652985,160,322.0261950960402,4.591997931985304,423.63142432205814,4.605257625226102,A
513.0037730823864,325.7242449860075,36,187.2795280963789,193.78159981343285,160,323.3792441844405,4.412557463040002,424.5667515885501,2.0109615223930177,A
511.82692980410445,392.2522009095149,16,119.57472889458955,191.65106560202207,12,323.4045675709787,1.4457937078166196,425.1198978580198,3.48849101075092,A
465.7261835354478,397.63427734375,36,68.09190619169777,182.60816592261904,107,150.15770253560405,14.626511346726176,396.43622342555324,2.374922975352149,B
477.3901013360508,438.7472401494565,74,38.6428611865943,191.62469391324623,159,150.04319944944226,3.1666413014069406,395.2469857128377,4.273433570170937,B
498.617646188447,402.75701992753625,122,95.86062626091075,190.12165178571428,170,149.99354855147755,3.893624441964306,398.69624846593894,3.6013047032192844,B
479.702377319336,385.3625311367754,189,94.33984618256062,192.33695845170453,166,150.10379187204217,13.754548777037229,402.5569198844534,5.304596515916103,B
460.1416015625,404.8509573063381,124,55.2906442561619,190.77223899147728,165,150.01322086298381,3.26570789660974,406.3004920436853,3.6226277748485245,A
506.53076171875,368.3466644287109,131,138.18409729003912,191.46138139204547,156,150.02084373135295,3.0179373084355063,409.62299554506916,3.3054589023109884,A
496.050390625,432.73984375,100,63.310546875,187.97251674107144,163,150.04508030320255,3.9417825013528045,412.5036066711928,2.8123833955223745,A
519.031621368838,452.6416778564453,177,66.38994351239273,188.3872414172536,169,150.0391779799028,4.150395537286215,414.32006906831134,4.24100250123513,A
519.8800101902174,342.6230610280797,184,177.2569491621377,189.7355608258929,160,150.11946412498466,10.315740421533633,415.9834046479323,3.447265625,A
515.13671875,382.7252012310606,212,132.41151751893938,193.39903846153845,181,150.01258665209886,2.8158821697836913,415.9977958192729,1.1608234867329656,A
508.0577021059783,485.8195560079225,176,22.238146098055836,188.96861049107144,163,150.08188529777652,3.1224719291125496,415.9796260222439,2.0714299595771877,A
472.4365234375,358.7180739182692,175,113.71844951923077,187.46635298295453,169,150.07615356330976,3.2525515980848922,415.9320749958384,4.039963942307679,A
471.11083984375,369.6013974471831,145,101.5094423965669,186.5933074951172,157,150.1367389786582,9.497692897121539,415.9910830216816,3.694292981446381,A
517.1022329757462,378.5960383628731,175,138.50619461287312,185.4762555803572,170,150.07358902899082,4.326725274744149,415.54536958658224,5.123075181159436,A
510.732421875,390.0894333106884,134,120.64298856431162,186.25341796875,164,150.03670055713386,3.4272519129198145,415.36650531185916,4.403730751811565,A
509.9073005445076,417.7734375,96,92.13386304450762,187.22261379076087,166,148.89097895142964,3.073942764945656,421.374844952463,7.57707770316614,A
494.2109949448529,471.19452541977614,186,23.016469525076786,197.1949136223592,255,148.82905392093124,3.441703304012492,421.34152905819184,3.844298110177874,A
521.0050431436567,379.7138671875,157,141.29117595615674,194.31061564700704,195,148.77760937541453,3.125,420.3624955277809,2.586226029829561,A
506.84978818221833,401.2923222931338,197,105.55746588908454,195.0451006822183,175,148.80090238777657,3.571379448566404,419.8303661139283,1.7374674479166856,A
503.4558896346831,444.7801242404514,145,58.67576539423169,196.24520210597825,153,148.80336797637392,8.943553901534216,419.158435484488,3.8206591918236654,A
504.9809139476103,412.6928074048913,159,92.28810654271899,193.46442522321428,152,148.75107873099108,3.347390795510904,419.0078771663355,2.0176036688883414,A
507.1675148547535,342.45901309742646,170,164.70850175732704,193.2258649553572,153,148.81519475032692,3.0850331598332446,418.93634998206136,1.8442052573973342,A
477.8596363336268,364.1669921875,174,113.69264414612678,193.46884628080983,158,148.81972897003666,3.03227205454192,418.5458349057888,1.7881524094012207,A
450.3583984375,427.9380364216549,54,22.420362015845114,192.9538225446429,149,148.75810097854574,3.961166897833664,418.34473896124086,1.9266183035713311,A
458.1678036971831,359.0579427083333,137,99.10986098884979,192.77465122767856,163,148.83601620521276,3.6966161790236924,417.9293956379835,7.698721233651895,A
507.8559226452465,349.0302734375,161,158.8256492077465,192.8006963315217,151,148.77387988285582,8.638699985007975,417.8568652825205,4.447029462826833,A
464.3503689236111,438.3796902508803,120,25.9706786727308,192.02463413292253,148,148.8168100406833,3.63191818808491,417.54919400646855,3.9327964850713215,A
466.71826171875,412.713633362676,25,54.00462835607402,189.12845865885416,125,148.82530863284867,2.8525637957005756,417.5571153293454,4.517996651785722,A
507.4202519806338,365.1227116371269,98,142.2975403435069,192.0678998161765,148,148.7762051100165,3.729920596649748,416.6066644387776,4.617745535714278,A
499.209522192029,474.4154296875,70,24.794092504528976,193.9164341517857,150,148.89094281221114,3.8098427710102385,416.45068828935376,4.576807862097951,A
505.7134590718284,367.2412533967391,167,138.4722056750893,192.6202445652174,165,148.89325378816986,3.3733157835144993,416.50367134230436,4.235071215435994,A
500.041015625,425.1202046408582,76,74.92081098414178,193.61798270089287,168,148.78693675854322,3.753861570669926,416.0399431721941,6.87582526408454,A
508.8293704710145,339.6687381628788,185,169.1606323081357,194.5015869140625,165,148.71532369931447,3.249153406626334,415.8080755150642,4.479379805307531,A
515.87109375,401.5883857834507,134,114.28270796654931,192.28627232142856,179,148.77143322454918,10.58591812375991,415.5031248520362,4.54487864688133,A
506.10418023003473,419.3916015625,189,86.71257866753473,193.42718864889707,182,148.76458500224712,3.26136506539234,415.1310760077874,4.457335541213695,A
510.73681640625,472.31396484375,203,38.4228515625,194.16206811179572,178,148.80169209554512,5.149829369009211,414.49663899428685,3.30174405809845,A
500.9309253961268,347.1686333550348,112,153.762292041092,195.21875,178,148.71054779055444,3.6772883394114615,413.45956348573606,4.709879557291686,A
504.50634765625,395.5876843089789,163,108.91866334727109,194.10223646566905,168,148.73046638885165,3.1652316241197127,412.75447615816717,4.616352779764554,A
502.5436289612676,418.8274647887324,137,83.71616417253517,195.0966796875,159,148.73943134101256,3.1785733934859195,412.597247619774,4.734726950859567,A
499.26349555121527,351.1728786892361,127,148.09061686197919,195.56752232142856,168,148.70895177472474,3.945778372207144,412.5255388761275,4.408098091389149,A
498.3361575704225,446.61328125,187,51.72287632042247,196.3232284330986,175,148.72697494302187,3.3457290723127926,412.4193184326576,3.432746748030695,A
500.26318359375,339.7041015625,197,160.55908203125,196.3087863116197,186,148.7949215742685,12.037725033967405,411.51835251995595,4.2975913750733525,A
504.7436454665493,373.4671682438381,187,131.2764772227112,197.525019256162,178,148.77582913530102,9.954449010639934,410.8773494379652,4.567812965029759,A
501.69384765625,375.55615234375,200,126.1376953125,197.7038981119792,184,148.74788403198542,13.45907333721533,410.4710249880074,4.33702763455733,A
504.892880721831,421.73910757211536,204,83.15377314971562,195.5608907350352,205,148.73599126663464,9.96862522793009,409.9945098345901,4.3381283796529715,A
508.34936179577466,489.3339018485916,210,19.015459947183047,199.3415421195652,156,148.7051964916748,3.0590586088997895,409.51405165854607,1.8412060337569187,A
518.333681778169,397.2029693161232,160,121.13071246204578,194.6687360491072,158,148.7758692297312,3.037994983149531,409.34670130143905,4.26554703912808,A
510.19482421875,321.24951171875,160,188.9453125,194.7368376358696,156,148.8492516868951,13.37351849846749,409.0491381963812,4.309602804781548,A
501.2181980298913,487.2470152948944,136,13.971182734996887,194.43854631696428,162,148.75052454740768,3.1262608201291187,409.29178037017897,6.84301403985512,B
504.98859320746527,369.204335387324,144,135.78425782014125,194.23840503961267,165,361.3824533342646,4.553475389816242,409.29027160833743,3.916596912202408,B
498.5219582950368,320.58401309742646,181,177.93794519761036,195.84202665441177,179,361.7690041431344,4.348267627363384,409.36271335655937,3.5162716621557024,B
501.6299641927083,448.611933318662,198,53.0180308740463,196.74204995598592,187,362.3455211760428,5.70026388223647,408.5878859878797,4.788186603771237,B
497.1785552536232,414.7011135727612,200,82.477441680862,196.9927239216549,192,362.45848823517855,4.979342483797723,407.9734740251333,3.889061250666316,B
503.5668131510417,480.6189507378472,206,22.947862413194514,197.78910376320425,200,362.02287749564016,5.222619899082019,407.2868121630839,5.490588513049545,B
504.85022690716914,421.0965523097826,211,83.75367459738652,197.83317764945653,202,361.9634819818497,5.696464695625707,406.5333424429428,4.719142000440115,B
506.1926716549296,441.9517082966549,214,64.24096335827471,197.1248420266544,202,361.77728483448436,12.056488622734548,406.2617209254289,3.9071728640504944,B
505.4014945652174,348.21703747735506,216,157.1844570878623,197.27970377604169,199,361.024422286822,4.748273577008945,405.56100648024704,4.359467350980765,B
509.7670967209507,366.01025390625,206,143.7568428147007,197.7041015625,188,361.1530434238966,12.252104765139848,405.2899331608691,4.403440281445569,B
506.53515625,492.6772529709507,132,13.85790327904931,195.36139787946428,179,361.2575933601983,4.855303697183103,405.21876102563067,3.524402436755963,B
507.9359375,361.6313264266304,138,146.30461107336964,195.1584123883929,183,361.59748187338977,3.28171895279047,405.3647125260155,4.476743272132808,B
506.5491584329044,422.5130504261364,169,84.03610800676802,197.0098544034091,201,361.4803192715255,7.117673729648118,404.95020362902955,5.495156427998097,B
495.6290986032197,454.9736878301056,206,40.65541077311411,197.18562940140845,191,361.2675668845378,9.628080985915517,404.2393403121519,3.9939637826961985,B
502.4563985475352,444.6805366847826,172,57.77586186275255,197.0700334821429,191,360.93734784304,7.500373333752577,403.81569687577183,4.2368763361417905,B
498.6993036684783,450.71484375,192,47.98445991847831,196.8643306902985,172,360.8495842791727,6.479077704451356,403.4549070608264,4.676783177759717,B
481.5698312952899,463.04580078125,3,18.52403051403985,196.57246907552084,179,361.1490385088144,3.5770384022887924,404.05893140815897,2.44140625,B
491.19091796875,408.12344575264086,38,83.06747221610914,195.58283797554347,161,361.0016583475263,4.053042115283631,405.4474329428373,5.317846012194536,B
507.00390625,367.5152897621269,185,139.48861648787312,196.0158175616197,165,362.5266339893856,6.6127308716730795,408.3096310023624,3.4280233337108257,B
509.4277068661972,380.3199869791667,171,129.1077198870305,193.9314630681818,162,362.91106181833493,4.498910212862256,411.87203093785575,5.285856329097783,B
503.7080078125,367.7091447061568,183,135.9988631063432,193.94049944196428,163,363.4859212885964,10.174657428075363,415.8982532517154,5.088875393907472,B
509.7431640625,403.8758453824626,149,105.86731868003739,192.8816266741072,157,363.603062916242,11.695450071304549,418.7159438947397,4.40197480840925,B
483.99365234375,399.87218034771126,81,84.12147199603874,180.3488420758929,80,239.98389967175285,3.6016473188086593,405.6554810334829,1.7715860047437104,B
449.5724012586805,406.83568992077466,31,42.73671133790583,194.18380604619568,169,239.91800261396523,3.475613064236086,404.45647159903325,5.262443803445592,B
456.6273107394366,416.4156305017606,77,40.211680237676035,192.8569548233696,167,248.19893859780007,11.306762695312472,412.10924659961273,7.458324163732357,A
467.1570685891544,398.3413154709507,59,68.8157531182037,193.1526227678572,156,242.5586635014401,12.808566623263886,412.05711737223993,6.726421325293188,A
449.9949001736111,367.06494140625,113,82.92995876736109,191.68627585827463,166,243.19540965596437,4.188338036028682,414.8019537732653,2.0167964165199237,A
448.63720703125,425.17087013134056,140,23.466336899909436,192.3272758152174,168,243.74906204186738,11.060086102552788,415.85515938615765,4.19214221014488,A
455.1181090448944,434.0848335597826,144,21.0332754851118,192.8423282398897,168,244.43518758656415,3.207139565911092,416.91056356995404,3.345437834627603,A
456.34568937059856,438.4402669270833,179,17.90542244351525,192.46821357834503,161,244.94737631461481,4.02652516084558,417.4626269342995,4.3104189918155384,A
446.19802024147725,401.3837890625,54,44.81423117897725,190.0251813616072,151,245.33962864640273,3.3173807906314607,417.5202786035869,3.7309894523390312,A
456.18603515625,346.54464678697184,114,109.64138836927816,187.82197678257043,157,245.95372183296863,3.4523547535211208,418.4552875982269,3.9353446881470973,A
458.2454969618056,416.91869773327466,129,41.326799228530945,187.39902893926052,160,246.49023848121115,4.372103252108076,418.5332153152755,0.8355559020484407,A
458.78459439212327,407.267578125,96,51.51701626712327,187.76833461707747,159,246.63469875941917,3.5982424302247864,418.50094418971946,3.944322947232024,A
456.45343695746527,334.4889187282986,146,121.96451822916669,186.5782063802084,156,247.19840048983426,3.267813419950187,419.1645951711703,3.5298215071679806,A
466.095703125,427.29443359375,131,38.80126953125,184.1608989876761,153,247.58250513002952,3.08039644114686,419.5110739270075,3.9956918158255235,A
506.9629181338028,479.0713704427083,128,27.8915476910945,186.89143172554347,157,247.79647024606058,3.269153768094668,419.5393459396547,3.613720064848849,A
454.6940487132353,399.9082856514085,73,54.7857630618268,189.45601399739584,149,248.1595113076908,4.912318725080269,419.27929468831223,3.3169216579861427,A
452.56298828125,412.9784055897888,85,39.58458269146121,187.4279131822183,154,248.62843267934343,5.8026380941902005,418.923970577753,4.898181133240428,A
449.0791015625,441.3935546875,89,7.685546875,186.24658203125,140,249.59690565650348,5.095293440329414,419.0639262490505,3.683713609783638,A
449.47364656690144,340.8337296195652,129,108.63991694733625,192.9187418619792,161,248.27975850424423,3.5923065940030483,418.76884695897473,4.155217229554921,A
450.9920869715074,346.14208984375,79,104.84999712775738,186.01895680147052,151,248.68252869685432,3.6824544270833144,418.20444876486,2.1370992884388897,A
447.9042693661972,406.219492737676,25,41.684776628521206,185.8495956205986,154,249.23135900029015,3.937175521166779,418.53105420254207,4.047444998576054,A
463.58571886660445,380.3488391285212,90,83.23687973808325,184.1866455078125,152,249.5339813395204,3.8299560546875284,418.9491341729158,4.6873837425594616,A
446.9616593070652,390.2657625440141,72,56.69589676305111,184.6189778645833,152,250.12025097542133,3.4589580461090748,419.3768904939844,3.572474281832285,A
453.06251375440144,377.5166015625,124,75.54591219190144,185.23477387764083,127,250.1652746238236,3.326194873754531,419.5514661875285,3.6877774677579396,A
452.1472683758803,427.61801382211536,76,24.52925455376493,179.48680952904928,150,250.41769997526401,3.8977728949652715,419.52350437173783,3.9346662112432114,A
451.9264001980634,424.8039957682292,118,27.122404429834205,180.63702134683092,162,250.7207570149033,3.388930725193262,420.5169127042837,3.6319184639083915,A
503.6623156910212,486.51806640625,116,17.144249284771206,183.35700334821428,163,251.33514801003528,4.004078180017586,419.89127608132816,4.402783890845058,A
500.66357421875,433.77658260569854,125,66.88699161305146,185.5390900088028,166,251.28263130558352,2.994423927462293,419.53216622645346,3.483189174107224,A
499.8896484375,328.9661779269366,94,170.9234705105634,183.462519256162,167,251.45662289745087,3.569832078407927,418.78812765253355,4.2090829139951325,A
502.53881492077466,457.09423828125,144,45.444576639524655,184.43426771566905,162,252.06843211353572,3.0234375,418.59693675629075,4.615977112675978,A
505.4681585607394,351.5099283854167,141,153.95823017532274,185.04889787946428,165,252.0462887357856,2.916252397195592,418.23520451757537,1.8857284330986204,A
506.4430017605634,481.4870158450704,143,24.955985915492988,187.1865234375,148,252.25114454189404,3.869899081991946,418.5398758648438,3.4934471835609315,A
504.8699137369792,413.74781629774304,106,91.12209743923614,184.2676068474265,162,252.4693321976106,3.5004951584507182,418.2087636683499,1.9035083462731563,A
502.7843309859155,366.7151421440972,112,136.06918884181835,185.1625632702465,156,252.210464686751,3.350748888949994,418.1443031697348,2.397877614954382,A
503.5439028532609,461.78662109375,123,41.757281759510875,184.4198255941901,15,252.3714441846739,3.113628739668968,418.26494860492625,4.555849364852293,A
475.3174689797794,399.5014992297535,159,75.81596975002589,185.75365867077463,169,252.15017840902775,3.8609095982142776,417.77985778347835,1.9120121415043627,A
498.0316026475695,391.6377640845071,124,106.39383856306239,187.1457170758929,161,252.1202297995536,5.848123697377304,416.7321848080933,4.3520419391348355,A
493.4704142825704,402.53972710503473,83,90.93068717753567,185.7720444623162,167,252.20638307451117,4.106278294768657,416.4593976369019,1.994474169234195,A
494.1147673233696,454.2395466549296,115,39.87522066844002,190.127558318662,161,252.40720770149062,8.512673698440665,415.62393583609725,4.41443692537166,A
498.56001045334506,354.3794976892606,224,144.18051276408448,195.11154042119568,178,250.5345237961024,12.82236629127118,413.0640226007094,5.417279065015066,A
501.0825676716549,452.8940223371479,116,48.18854533450701,190.76507482394365,163,250.72008873345374,4.5783244388204025,412.6769823096993,4.503878741197184,A
501.6858675373134,371.04931640625,118,130.6365511310634,189.76729329427084,155,251.02143641156144,2.8905734209947127,412.90466280032416,1.730608258928612,A
505.6123046875,421.9453125,137,83.6669921875,187.1397298177084,154,251.193909589359,3.368894028231864,413.4952351568163,0.7317341549295975,A
501.7630915987319,443.39592044454224,91,58.367171154189634,186.97110523897052,153,251.68630854154773,12.171427408854186,413.44221098121557,3.9790473764234093,A
505.27294921875,487.4106926716549,119,17.862256547095114,184.68204752604169,149,251.398938016375,3.681729624067941,413.5307667721351,1.6777001717239841,A
505.0180457746479,457.62863116197184,106,47.389414612676035,182.0193386883803,151,251.47799184618634,3.0552700971454385,414.1618802244349,4.650821596244214,A
505.2305961277174,437.5596652560764,10,67.67093087164096,179.7820392765411,119,251.6229821291566,2.592031895858838,414.1398439942562,3.446116150025148,A
491.62978515625,465.5830078125,65,26.046777343750023,178.48189290364584,153,251.8953338895361,3.7214491102430713,415.0249157311079,4.873204947971431,A
492.8000110035212,364.08456739738807,131,128.71544360613314,182.2463909646739,158,251.94387698078475,3.4816074179450993,414.9482967468682,3.596550003143875,A
498.91552734375,352.44425341109155,135,146.47127393265845,186.05231584821428,150,251.94763980813562,4.800286091549225,414.7664765104668,4.559525831392307,A
499.40625,414.4707581426056,118,84.93549185739442,186.5358355978261,164,252.07028611900938,3.001898107394368,414.3121658689099,1.7021824471393074,A
484.49976942274304,349.4282570422535,4,135.07151238048954,187.16423233695653,158,251.9135192210547,3.017773477987589,413.69814560262085,4.470868177816897,A
503.19287109375,342.4309488932292,31,160.76192220052081,186.19252232142856,154,252.02099403887135,4.690250880281724,413.45112317415453,3.8735439983652213,A
506.46466494278167,408.7805622799296,126,97.68410266285207,185.2946055237676,156,252.27250773242935,3.1168533032382584,413.4371812218485,3.4964959333484558,A
491.5686282835145,419.1189657182836,11,72.44966256523088,186.3054630055147,155,252.1171881906414,4.452103244466798,413.438668402262,3.2900241618984296,A
497.13406192555146,381.0059556558099,74,116.12810626974158,185.8518880208333,150,252.56675306458797,3.5956973121279816,413.6354153983681,4.660190536333971,A
506.6365234375,493.51730303697184,130,13.11922040052815,186.79624720982144,143,252.88199439909775,7.619938380281695,413.51091021816126,4.212239583333314,A
507.6946522887324,442.5654296875,120,65.12922260123241,184.24652013644365,147,252.80186363100253,3.394631778492652,413.491526923375,1.5070622635520863,A
496.2870144314236,386.4784731657609,141,109.80854126566271,188.1545940896739,145,252.80278865963317,5.5132847868460715,413.780890760288,1.8833705357142776,A
490.8497650588768,329.1741727941176,67,161.6755922647592,186.5851122359155,162,252.90436484828234,3.844953211114472,413.4496103540441,3.920787638155275,A
449.10955132378473,379.4486135563381,173,69.66093776744663,191.59122721354169,161,252.70951863759808,4.583654269366207,412.5572493434156,4.810608769806322,A
459.7108917236328,365.7888488769531,80,93.92204284667969,178.0301055908203,83,250.4920767589181,2.830505371093807,412.17521012738837,2.1137012300036986,B
507.2158348880597,443.7959747314453,51,63.41986015661439,189.4295654296875,153,251.0577338104438,5.465552920386898,412.0160847523484,8.325958251953125,B
499.45545959472656,382.9214172363281,62,116.53404235839844,192.7632293701172,168,252.82037515483387,9.698867797851562,417.26314689903455,4.831695556640625,B
510.33908260569854,408.3372192382813,176,102.00186336741723,196.20975462147888,166,253.4189868274363,3.9438771242293456,420.5697033167261,4.29035131482118,B
511.3677651848592,408.89821886660445,153,102.46954631825474,194.9491182215073,165,254.06605209677377,2.8655670501373436,422.58495788306004,4.540865582473657,A
511.7535710121269,343.1380305503731,145,168.61554046175377,194.39859008789065,155,254.22492837949238,3.92795981334109,424.0667361796996,4.656834347438917,A
508.83184725996375,329.8105031483209,112,179.02134411164286,193.48642865349265,160,254.76157515524224,3.753662109375,425.15119246086897,3.7919326613118187,A
517.8460477941177,437.36279296875,149,80.48325482536768,192.85094496783088,168,254.9549723323309,4.982866559709805,425.4841619876939,4.619826292174764,A
504.2718694982394,406.2046554337687,75,98.0672140644707,193.319190181903,175,255.29601252578732,5.01297745369132,426.01683389198894,4.013744752798516,A
508.32284864738807,406.2729704483696,148,102.04987819901845,193.8668212890625,166,255.69284848848153,9.912924189274975,425.92132370934803,4.929454291044749,A
462.4955166903409,391.2933508831522,24,71.20216580718869,196.88788200827207,159,253.78855245283555,4.521217666754183,425.44606799698244,5.196214758831502,A
483.5537392436594,405.9732789855073,162,77.58046025815207,190.92515450093285,167,254.0689006815045,10.536147608901501,425.3823695610221,3.3972178375425415,A
504.71041277985074,367.91065181902985,136,136.7997609608209,192.46100725446428,170,253.99805952115378,3.673206676136374,425.3259374222997,4.886903269830611,A
484.73196231617646,411.411435409331,144,73.32052690684549,198.0526031949627,219,257.72456180076546,7.428363562646581,427.00253767418616,4.775821461397072,A
491.1512021346831,453.03847947761193,182,38.112722657071174,203.1766728940217,251,258.2014194346868,4.125132821209547,425.11138812641184,6.263463637408108,A
487.00139303768384,393.1619720458984,257,93.83942099178546,208.2038922991072,228,258.17144581866347,12.288172104779392,422.88016833732644,4.699883944746375,A
485.6930904664855,363.79633570429104,205,121.89675476219446,209.4437779017857,220,258.283540154437,3.4104499264039987,421.1880766766901,3.5543655563187713,A
494.2297810299296,435.53834443933823,48,58.691436590591366,205.002685546875,207,258.0487027926382,4.745642246823337,420.10797504966786,4.6973447157395185,A
499.5869140625,434.2396154269366,8,65.34729863556339,198.9753766741072,186,253.86080082680047,4.296316616777034,418.1274284989489,3.989844689002382,A
498.2435745018116,442.44647305253625,25,55.797101449275374,196.5219938858696,177,253.93940045587973,9.782869335589368,418.4347869410383,4.445545708955194,A
505.3805147058824,342.7804857336956,24,162.60002897218675,194.68275035511363,166,253.8573150218918,4.92345255751448,419.2239646970944,4.358183568017125,A
505.6987092391304,415.3949841485508,19,90.30372509057958,194.8352457682292,152,253.90046138938024,3.3731159753303643,419.75391387442966,4.929915135947056,A
504.22006623641306,446.49602298460144,55,57.72404325181162,193.2645786830357,153,253.56401653125894,4.26025390625,420.2566200102667,4.621691509484151,A
486.7676642922794,407.1318217844203,35,79.63584250785908,194.18682603433092,172,253.51585024654523,9.051006130063996,420.67254344742577,4.77667451151666,A
482.290576879529,383.3514906939338,55,98.93908618559522,198.75986615349265,182,253.64326427372046,4.555210331415196,420.5765298928627,3.5595087049765652,A
490.4017693014706,432.3768780048077,57,58.02489129666293,198.6964785447761,186,253.9379594740205,3.4438399363883434,419.57588592382467,4.228032709478043,A
490.8156844429348,332.88367417279414,42,157.93201027014067,198.9840642755682,182,253.70630401772235,4.158277043909919,418.8731802253633,4.78910900297609,A
492.3374679337687,380.4437040441176,52,111.8937638896511,196.29697702891792,178,253.7526787537297,3.447409237132348,418.3205103743684,1.559051182092503,A
501.8844542572464,496.2819576539855,42,5.6024966032608745,194.2115839568662,177,253.783898065014,4.589676358806486,418.22283211096925,1.7691710254530904,A
505.7072323069853,488.11474609375,29,17.592486213235304,195.8105331205986,157,254.00707301165588,4.979053442028999,418.2087694820316,3.6127344264656926,A
506.0517578125,460.2248641304348,77,45.82689368206519,191.7126201923077,153,254.11071331877923,4.685491916937224,418.1652689454631,7.480449100855083,A
509.19557100183823,444.76903568097015,47,64.42653532086808,193.39937160326087,177,254.0523117451578,5.519297425176006,418.808060121722,3.5064723687771107,A
513.6590360753677,347.0253323227612,42,166.6337037526065,192.78135202891792,178,254.78370785467962,9.194749774354904,419.48945368417446,1.857688210227252,A
466.2310773324276,352.37744140625,40,113.85363592617762,200.27024147727272,199,252.81184927992962,4.542584081967817,419.3455631850799,4.311125426733213,A
510.13661193847656,418.5776579483696,23,91.55895399010694,197.0511997767857,195,253.09220372648485,3.5029021786972123,418.0979008131368,1.77856230399982,A
510.5802384561568,438.9764188878676,72,71.60381956828917,196.5020805027174,175,253.24227170034231,5.017352101179824,418.3068961032173,5.089703728170946,A
511.29661649816177,459.8936372139085,70,51.40297928425326,193.08790498621323,179,253.16422260780308,3.881184454149718,419.3114108421206,1.71441954185525,A
509.97891450264086,446.64784240722656,76,63.3310720954143,194.477684818097,169,253.53344457169868,4.282529319638684,420.2862218913924,3.572469833721584,A
511.4844882246377,454.5935202205882,68,56.89096800404951,192.0804332386364,165,253.47121488577991,4.43903493504439,420.5011905637291,4.767032398897129,A
514.396484375,505.3668195199276,70,9.029664855072383,190.1732967601103,169,253.71216635382092,3.892196527048384,421.3501082436975,4.645748414855007,A
502.7488536005435,333.4345703125,21,169.3142832880435,191.3178074048913,169,253.7042502274063,9.200152228860304,422.32340692637484,4.116257377292811,A
501.818505130597,478.5806847774621,77,23.23782035313485,191.57777518656715,156,253.7098524380377,3.9322241178772117,422.47680061511954,1.9669938287815398,A
501.24296591938406,381.5570935235508,62,119.68587239583326,189.4914981617647,161,253.6549007228849,3.572415545042645,422.5682800824151,3.8515685926358856,A
469.4192222481343,461.720703125,4,7.698519123134304,151.90926460597825,45,253.84108210760016,2.6099966353728803,422.9623358881133,3.8515685926358856,A
469.728515625,379.2041440217391,3,90.52437160326087,149.25927734375,41,253.84406751617192,2.6099966353728803,423.03271770004955,3.8515685926358856,A
473.6614441802536,327.4587365904851,50,146.20270758976852,194.8148082386364,177,253.63531636726324,3.4507091376383414,423.09679863002,3.931446953781517,A
521.6384851792279,476.8143965126812,64,44.82408866654674,193.2426060267857,200,253.75635194335183,3.242849661943609,422.1079330119298,3.2774446156103636,A
513.1047585227273,347.6217698317308,49,165.48298869099648,194.1466854319853,167,253.87647432292388,6.541345075518564,422.36270593703495,0.8708040006868032,A
516.0968520220588,418.1318359375,62,97.96501608455878,192.6460391773897,162,254.18248869552562,4.039169272498384,422.36033690500494,0.9309964220063307,A
518.7340494791666,501.09219575264086,75,17.641853726525767,189.3291153169014,164,254.19637172521604,4.182603624131957,422.86296072320516,4.971136770711098,A
516.7420637103874,485.2828867737676,126,31.45917693661977,192.8332926432292,158,254.24586707673325,3.993643350487531,423.3566868857321,1.3863290419600958,A
515.6365152994791,406.4760671422101,112,109.160448157269,192.646297679228,163,254.30823328311376,3.3688468729110923,423.3507855923925,3.15455163043481,A
520.5552906709559,352.5016571969697,71,168.05363347398617,191.126953125,154,254.45747636000797,12.54679638031439,423.6835942752134,4.612882372359138,A
522.0456255744485,389.7453577898551,36,132.30026778459342,191.3646573153409,158,254.56451703083707,12.00366114439231,424.3564896449399,4.400435106107693,A
511.87716854319854,481.876953125,38,30.000215418198536,191.93524078824623,168,254.52654693359804,4.113277661895296,425.01306656079043,5.388819590336084,A
510.9909048507463,410.34512544014086,19,100.64577941060543,191.4916561351103,169,254.6307119565932,3.941229812237367,425.5583154803308,4.654240262681185,A
505.08784936179575,499.6797637939453,42,5.408085567850435,191.9791100543478,180,254.50701711456793,5.600945120935592,426.42305451376177,3.932542067307679,A
504.00341796875,449.5670955882353,41,54.436322380514696,192.48510377798507,186,254.95474873145432,4.597178226759411,426.47132368741507,4.440067836216599,A
512.3798110064338,342.84735903532606,141,169.53245197110772,200.8721976902174,220,254.7531964668848,8.697999352439865,425.3802168150666,4.296396088752772,A
514.9519927536232,396.8919659514925,142,118.06002680213072,199.4755161830357,218,253.32123498368816,3.0487398763853264,423.6817055744116,4.818269104516787,A
511.541454370471,382.3436925551471,135,129.19776181532393,202.5781537224265,178,253.4269977312336,3.9802304752226405,423.502000267406,4.898297634271046,A
512.17724609375,417.2748669610508,147,94.9023791326992,194.98903586647728,192,253.71043100123475,5.247173887310623,424.70613430458326,1.838464240995279,A
512.84130859375,409.35569852941177,165,103.48561006433823,195.58095265858208,184,253.80406418611778,3.2267181155344815,425.1819162275038,5.095440519958004,A
513.5475408380681,330.20331448227614,77,183.344226355792,195.0189368206522,177,253.96543032164988,4.108928363206246,425.77163490696137,4.162507385766844,A
511.12255859375,354.8365837545956,73,156.2859748391544,200.00499941697765,172,253.95212014512876,3.366729992778403,426.44937563850914,1.1207695969013116,A
503.2470259232954,356.9631421638257,3,146.2838837594697,194.11056385869568,201,253.91758499003478,7.4158440981235,426.63862520881315,4.600555058053317,A
505.3767266757246,374.0247347248134,94,131.3519919509112,197.81310317095588,190,253.98699575864993,3.1418826022256496,426.84829248242016,4.742944825677512,A
514.3897616621376,422.9373979710821,52,91.45236369105555,197.49274553571428,186,254.2300807247982,3.414304113289319,427.47708170914035,3.840423583984375,A
517.637451171875,382.1292317708333,94,135.50821940104169,195.0829467773437,209,254.37642300734993,8.35626552282443,427.9712255062334,4.779495018115881,A
506.8408786147388,452.3033806295956,132,54.537497985143204,200.5142578125,223,254.24668407197166,4.261993433486964,428.4781936396234,3.8672613576680988,A
510.5517853213028,336.7420742753623,88,173.8097110459405,197.1177394701087,190,254.76401855822783,5.147160456730745,428.50218733305843,5.109367395360209,A
512.3220071231617,484.5391175176056,30,27.782889605556136,194.6593807444853,201,255.11187323844166,12.867722743741751,429.01989640924234,5.626477556151315,A
517.1253576144367,350.7818298339844,62,166.3435277804523,195.70703125,167,255.82635832079032,4.596452725213197,430.22327890357616,5.157978244936032,A
504.3785807291667,427.53599717881946,15,76.84258355034723,192.435546875,186,256.21919934385863,3.977393240950221,431.3581034371262,2.7611531391402195,A
506.1241254664179,476.9314152644231,3,29.192710201994828,195.0988660214552,170,256.4494973252387,3.9284037945463126,432.5999389532109,3.9362799399144137,A
507.2346561316288,415.106211487676,23,92.12844464395283,192.10882927389707,203,256.53367081906754,3.2279802405315365,433.36012055053465,5.091643318399235,A
