mould_ptp,oil_pressure_mean,mould_skew,bucket_ptp,ingot_max,mould_kurt,bucket_mean,ingot_mode,ingot_sem,bucket_skew,ingot_min,ingot_sum,bucket_sem,oil_pressure_sum,oil_pressure_sem,ingot_iqr,bucket_kurt,mould_sum,mould_iqr,ingot_kurt,mould_var,mould_sem,ingot_std,mould_max,bucket_max,bucket_min,ingot_skew,oil_pressure_min,mould_std,ingot_median,bucket_std,bucket_mode,oil_pressure_skew,bucket_iqr,mould_mean,ingot_mean,oil_pressure_kurt,bucket_median,bucket_sum,mould_min,ingot_var,final label,Label,Score
0.6123465,-0.2159325,-0.031172192,-0.40929395,0.5009951,-0.4867716,-0.14047973,-2.1650317,0.38313177,1.1083968,-1.5799137,-0.38311473,-0.013203573,-0.58746547,-0.06288525,-0.36191678,-0.93634284,0.506094,0.43336117,-0.7949235,-0.05045989,0.55902237,1.6032141,1.6148689,-0.12672001,0.0858698,2.1865523,-0.15960118,0.5141782,-2.451423,-0.11632516,0.0063233734,0.52335405,0.60215104,1.519844,-2.4331872,-0.7630023,-0.16059011,-0.55543834,1.4179667,0.8526723,A,B,0.66
0.04437347,0.18781906,2.013303,-0.024407793,0.35051045,1.981774,0.5621506,0.7498083,1.1462137,-0.80025226,-1.0227795,-1.464807,-0.17493626,0.37416896,-0.09829755,-0.3416821,0.50767994,-0.026059303,-0.1048164,-0.555183,-0.09800125,-0.117525786,1.0653703,-0.3196821,0.5014152,0.5578964,-0.035130195,0.17484404,-0.10835503,0.5379951,-0.13591121,0.72442716,-2.399474,-0.27504393,-0.36717668,0.45662504,3.5946534,0.5280305,0.5373761,-0.3395632,0.370295,A,A,0.99
-0.24836572,0.60440475,-0.43509325,-1.4978598,-3.0597572,-0.36424914,0.05705823,-2.1582274,-0.40710086,0.9281139,-1.5756053,-1.5698956,-1.1447085,-2.9621313,-0.09913945,-0.36352578,-0.46396193,-2.139627,-0.124242,-1.0941341,-0.09855426,-0.08036332,-0.7211079,1.4821756,-0.12246556,0.6849027,1.2833911,0.63036484,-0.15009913,-2.446615,-1.2705246,0.1823049,0.65098083,-0.3794933,1.5565884,-2.630371,-0.6755945,-0.03398951,-2.8451085,1.5895051,-0.33461913,A,A,0.79
-0.21413304,0.19301392,-0.36456972,0.10747514,0.4981031,-0.43738243,0.4137942,-0.60241365,-0.283675,0.15455128,0.29854113,0.79847085,-0.00891361,0.28374076,-0.053070676,-0.16660392,-0.35814872,-0.08610405,-0.10281356,1.2048653,-0.09839091,-0.14204903,-0.30760565,-0.3963217,0.41770557,0.39496762,-0.9978959,0.1790414,-0.13487238,0.5767637,0.022301318,0.041507073,0.072014526,0.08158128,-0.3619021,0.6159695,-0.15138182,0.40431878,0.37092558,-0.32530242,-0.29414514,A,A,0.71
-0.092883684,0.3418631,0.10716463,0.012988908,0.3943009,0.101422355,0.25138727,0.74383265,4.1982284,-0.9469145,0.71147746,-1.7678605,-0.13309535,0.25716972,-0.063381664,0.60991764,0.68080693,0.7656711,-0.11657996,3.0944243e-08,-0.098386966,-0.1409708,1.2695072,0.92553514,0.1764245,0.18451604,0.73869383,0.32113314,-0.13454883,0.5294948,-0.121797256,0.42684728,-0.10201954,-0.3162246,0.95700055,0.2346737,0.14546064,0.21913156,0.20121731,0.9704451,0.5386584,B,B,0.69
-0.18079688,0.10601402,-0.23584774,-0.18344772,-0.535785,-0.3051504,0.44762963,-0.003947675,-0.16859995,-0.36670068,-0.8002789,-0.62141573,-0.09508877,-0.077591985,-0.06450916,-0.26273975,0.046418797,-0.3608186,-0.11006541,0.82136256,-0.09840235,-0.1402038,-0.1726464,-0.46399304,0.4004693,0.5351071,-1.0556334,0.14244595,-0.13581938,-0.28354698,-0.12244365,0.029514909,0.5098383,-0.20881222,-0.440387,-0.31972957,-0.74675524,0.42917222,0.06965528,-0.40569282,-0.26493937,A,A,0.98
-0.11264137,0.13537583,0.44449654,0.29470235,0.4757216,-0.25469726,0.1388596,0.4413449,-0.33609715,-0.8450827,1.165642,1.2142059,0.06645386,0.69547385,-0.0767406,-0.13146617,0.58462214,1.2230285,-0.08922436,-1.0189767,-0.09786898,-0.114378,-0.44433206,0.8761419,0.082855426,-0.07093627,1.2754244,0.17717846,-0.10097236,0.296414,0.18130575,0.35662794,1.108201,-0.21231672,0.9055653,0.32014662,-0.7188481,0.13920113,0.64755076,0.92744005,-0.31570587,B,B,0.92
-0.18528743,0.19268239,-0.49930283,0.30888537,0.32472372,-0.39504611,0.6075388,0.7029809,-0.051101383,-0.8691643,-0.18018462,-0.7829574,-0.090359956,0.19073714,-0.058556564,-0.15220606,0.62467647,-0.15415415,-0.10357975,0.18142653,-0.09837017,-0.13964604,-0.0051157298,-0.39987406,0.6758573,0.5653562,-0.5759468,0.19178544,-0.13319136,0.39462942,-0.0779245,0.062065076,0.4491044,-0.27099922,-0.3678961,0.41618037,-0.414373,0.57683194,0.37491876,-0.3391535,-0.21773379,A,A,0.99
0.072321765,0.16142349,0.51283234,0.04392817,0.20582649,1.1873319,0.22423658,-0.31784788,-0.26990673,-0.49520424,0.6376836,-0.4192201,-0.0033632976,-0.5632366,-0.048296858,-0.2816583,0.15871507,0.013542905,-0.10676348,0.66628546,-0.098015144,-0.10593494,-0.3881353,0.85515213,0.30088106,0.30278927,-0.8984305,0.15935971,-0.10916609,0.37774134,-0.13032594,0.417863,0.6131199,-0.32223025,0.8508938,0.39864475,-0.4590084,0.20525342,-0.5176431,0.840436,-0.30782205,A,A,0.81
0.17940436,-0.07927438,-0.6258459,3.8578389,0.26072463,-0.43093497,-0.045919485,-2.1632378,1.1102873,-5.0213504,-1.5769801,0.1979532,0.47341946,-0.24482293,-0.06394696,4.7812843,12.624068,0.16296409,0.057523392,-1.1648309,-0.09029877,0.1013373,3.9285235,0.4926652,-0.03339599,-2.1428473,1.16837,-0.02899387,0.09983802,0.34429207,0.41900927,0.27379227,0.6973765,-0.27672657,0.48456314,-0.9994011,-0.77559566,-0.08021864,-0.24103543,0.43522808,4.3769207,A,B,0.59
-0.16269195,0.36025998,-0.400943,0.21306366,0.465842,-0.34583557,0.26404715,-0.7378134,0.042298112,-0.84123236,0.13717316,-0.7903008,0.009976917,0.36006868,-0.09333489,-0.32404548,0.5786925,0.87562656,-0.10552809,-0.38027385,-0.09826039,-0.13245882,0.16462217,0.94084585,0.20875336,0.11037501,-0.2365411,0.33363655,-0.12492406,0.6196599,0.041933976,0.44537088,-2.2429385,-0.3161559,0.98977244,0.6228567,3.5218158,0.24973008,0.29607666,1.0107659,-0.15753508,B,B,0.51
0.4458885,0.08902752,-0.19842622,0.1862618,0.069915816,-0.4828256,-0.026961347,-0.52619123,-0.06333593,0.53899705,0.024666619,-0.80316263,0.08300072,0.46554774,0.030533422,-0.31746307,-0.6405708,1.0265929,0.2444145,-0.31219062,-0.08207779,0.18864928,-0.02931052,1.0012336,0.00462792,-0.09668166,-0.28633684,0.06955961,0.22032982,0.2735377,0.16134837,-0.41681507,0.7832489,0.35288924,0.9009321,0.26077464,-0.6613723,-0.016745662,0.3635165,0.8556115,-0.22530065,A,B,0.65
-0.22741634,-6.199869,-0.34514108,-1.5451362,-3.0688143,-0.45150465,-3.895697,-2.1716497,-0.4194533,2.8408618,-1.5811026,0.010971658,-1.2960805,-2.5619414,-0.13575761,-0.36282957,-0.51805645,-0.72192436,-0.106632546,-1.0968295,-0.09842886,-0.14731379,-0.72851586,-1.4791914,-4.031949,-3.5352283,1.3300555,-5.8309894,-0.13806888,-2.4552493,-1.3144931,-3.6178014,0.9386256,-0.40358138,-1.4607717,-2.6385512,-0.6818931,-3.9171615,-1.6586998,-1.4173676,-0.3346704,B,B,1.0
0.041342948,0.19910945,-0.17700772,0.59757996,0.30724046,-0.37793243,0.004827726,0.6692983,-0.34110716,0.53889954,0.92165875,0.88036597,0.2082437,0.4026773,-0.07021079,-0.20071752,-0.6130865,0.7163798,-0.019693537,-0.26175645,-0.096343346,-0.05169496,-0.47863665,0.6402562,0.27412432,-0.028593158,0.16224411,0.20366538,-0.03877145,0.37221316,0.27186856,0.29510888,0.8352704,0.4001142,0.6238453,0.4042041,-0.53206,0.017647916,0.27343887,0.6337896,-0.31984755,A,A,0.6
-0.17223758,0.16848879,-0.29265967,-0.057818435,0.5499676,-0.39878115,0.56468165,0.94212484,-0.36973694,-0.6861805,1.9876449,-0.6028449,-0.16973616,0.3651333,-0.062230833,-0.27441213,0.35687804,-0.025975319,-0.10234827,-1.1360569,-0.09827517,-0.13431633,-0.62863773,-0.39127707,0.5128945,0.588608,1.2215397,0.15623544,-0.12598239,0.6772759,-0.1304417,0.732873,-0.52785236,-0.31433186,-0.36706123,0.73446023,0.34353206,0.5321414,0.5386717,-0.3350845,-0.3319832,A,A,0.98
-0.1731475,0.11267625,-0.42777157,-0.077508144,0.41377002,-0.4277306,0.4573847,0.81058586,-0.3508744,-0.33477864,1.569525,0.61132324,-0.027848033,-0.14378507,-0.09773653,-0.17583035,0.0315901,-0.3745168,-0.087896846,-1.0987571,-0.09817507,-0.12253243,-0.52382576,-0.41587272,0.42177057,0.500393,1.072463,0.11197413,-0.119088285,0.5177236,-0.06841291,0.011484136,-2.0320628,-0.16460319,-0.38836116,0.56188434,2.76306,0.43971422,0.005846902,-0.3596729,-0.32452706,A,A,1.0
-0.12063524,0.10977243,0.17486401,-0.2198192,1.451055,-0.33058247,0.18373936,0.6441313,-0.24681859,0.04104043,-0.093205795,1.2917564,-0.16320975,0.7054271,-0.1210164,-0.1258577,-0.34173605,1.3361425,-0.0878288,0.016353223,-0.097887464,-0.11552852,-0.13854757,0.9871898,0.1287478,0.25986114,0.3462032,0.15726593,-0.101970255,0.4393348,-0.06730503,0.4019912,0.7925384,-0.1539976,1.0204835,0.477584,-0.6812441,0.1849091,0.694494,1.0427566,-0.2563145,B,B,0.94
0.08414183,0.060211796,1.3290911,0.13166128,0.36693546,1.2916932,0.1437395,0.5621063,-0.26898164,-0.33158678,-0.42265362,1.2587268,0.09603209,0.17743896,-0.026831398,-0.14479728,0.04410909,1.0031964,-0.10386194,1.8822085,-0.09779724,-0.10512472,-0.21711162,1.254155,0.10296583,0.039933257,-1.3451489,0.055868555,-0.09719159,0.45248234,0.12242652,-0.40487605,0.85617703,-0.061556533,1.233299,0.47908452,-0.6027369,0.15097757,0.19232905,1.2403655,-0.2754314,B,B,0.86
-0.07365369,0.22135082,0.16468787,-0.08669109,0.18691969,-0.10136052,0.16117951,0.6354041,-0.19893542,-0.34879905,-1.0027661,0.46943042,0.08435875,-0.37880716,-0.047322266,-0.2351709,0.008010647,0.080950595,-0.096029125,2.2341917,-0.09806395,-0.1115747,-0.07937584,0.69210833,0.094875015,0.15037805,-1.759969,0.20278342,-0.11207404,0.35260412,-0.015173817,-0.30553138,0.24989808,-0.19025286,0.7127662,0.36493403,-0.1868648,0.15885627,-0.38926786,0.7271831,-0.24015504,A,A,0.92
0.2658164,-0.3263163,5.0649376,0.011472482,-0.2834746,5.821982,-0.11273507,-0.76789975,-0.07324627,0.2868097,0.10131658,-1.2585437,0.4853411,-1.2163733,-0.03279057,-0.20574284,-0.52478415,-1.7114459,-0.108447835,-0.38111424,-0.0967583,-0.029154804,-0.21358489,-1.7205129,-0.12216335,-0.13894187,-0.1266287,-0.2769204,-0.05303982,-0.12406537,0.17072876,-0.59027356,0.659148,0.07864999,-1.8767523,-0.14101423,-0.7267474,-0.08401215,-1.1119806,-1.8371081,-0.27463043,B,B,0.56
-0.17885984,0.07428115,-0.4700569,0.13223511,0.43050495,-0.37661543,0.22530252,-0.77217525,-0.07428965,-0.4349946,-0.46794027,-0.15145774,0.12923893,-0.15950249,-0.07532112,-0.24974376,0.15508446,-1.3372666,-0.10161945,0.15534534,-0.09832851,-0.13357505,0.12648371,-1.8956144,0.17699368,0.120019265,-0.6453634,0.067790516,-0.12993711,0.5579365,0.08620687,-0.31014693,-0.2203413,-0.10161698,-1.8968927,0.5681855,0.58776,0.22980815,-0.09820409,-1.8564016,-0.17214572,A,A,0.98
-0.14349775,0.3447154,-0.5689993,-0.029775094,0.5966977,-0.35290745,0.6357531,0.8954861,0.07800543,-0.3765952,-0.71904,-0.7525167,-0.063378885,0.40024218,-0.04398162,-0.2823569,0.077946655,-0.035679042,-0.09771863,0.47787768,-0.098165795,-0.12671201,0.2502033,-0.36785728,0.62340784,0.69331914,-0.8685785,0.3110344,-0.11847942,0.63241583,-0.026415406,0.17885351,-0.368101,-0.163065,-0.3362392,0.6503102,-0.08588494,0.60943574,0.52846265,-0.32157895,-0.12246118,A,A,1.0
-0.16355301,0.32656214,-0.32185856,-0.07885863,0.6038039,-0.37055865,0.32576662,0.8189136,-0.23868345,-0.59971386,0.6178113,-0.09768454,-0.025430927,-0.33922994,-0.077422686,-0.24337459,0.32832158,0.025070978,-0.101851426,-0.023545394,-0.09820656,-0.12125535,-0.27528024,0.56879455,0.25302193,0.31785855,-0.3564079,0.35056528,-0.12119108,0.55410045,-0.11876541,-0.16575341,0.22264475,-0.22444268,0.61748266,0.5813829,-0.6630229,0.3072044,-0.3214605,0.6342389,-0.2878667,A,A,0.96
-0.19847935,0.058420774,-0.4478879,-0.18995732,0.45463505,-0.38967496,0.20381334,0.865741,-0.23901048,-0.14594376,-0.9136233,1.3171597,-0.09126443,0.2223153,-0.05238163,-0.14841345,-0.16426061,-1.1788974,-0.10520526,2.4001732,-0.09842824,-0.14507917,-0.11187476,-1.9012039,0.15168774,0.2684689,-1.6568296,0.05352665,-0.13801567,0.51616734,-0.06328489,-0.19332583,0.2663319,-0.0815687,-1.8977803,0.54306483,-0.36813226,0.19746494,0.26596963,-1.8550891,-0.24921761,A,A,0.97
-0.14357676,0.39223406,-0.22379105,-1.5218533,-3.0626807,-0.43015888,-3.8917334,-2.1696694,-0.41821396,2.8966877,-1.5785202,-0.21320206,-1.284615,0.16077566,-0.013343303,-0.36145994,-0.5719212,-0.48036638,-0.08180673,-1.1059952,-0.097999156,-0.11388212,-0.7254141,-0.74572295,-4.018216,-3.5330267,1.2669394,0.40344182,-0.108233444,-2.4498422,-1.3045237,-3.6139243,0.7840793,-0.3922983,-0.73430103,-2.6332831,-0.70782137,-3.914129,-1.8673675,-0.704273,-0.3346518,B,B,0.98
-0.16137916,0.11929544,-0.29216033,-0.06147534,0.14616388,-0.4098148,0.48085448,-0.61275136,0.38545257,0.0995517,-1.0324254,-1.1282212,-0.06280172,0.64127,-0.06348893,-0.32777524,-0.3625535,0.18130626,-0.09691365,-0.4127652,-0.09825042,-0.13522516,0.5752638,-0.3901532,0.4736508,0.5479834,-0.16243696,0.10086216,-0.12421859,0.33865413,0.031931948,0.6477075,-0.13719118,-0.019862538,-0.36714688,0.2823706,-0.13144596,0.46934044,0.7925196,-0.3378058,0.039604887,A,A,0.98
-0.19053444,0.13325205,-0.2855278,0.004789536,0.139076,-0.3773399,0.4626788,-0.257473,-0.19656534,0.20664921,0.7096377,-0.8755965,-0.043177363,0.74049056,-0.05838419,-0.32967815,-0.44408014,0.24781321,-0.108503535,-0.3236304,-0.098395064,-0.14595053,-0.3112284,-0.3900944,0.4884639,0.52788705,-0.24566108,0.12733296,-0.13521463,0.32900617,0.06857873,0.11554609,0.3668898,0.06318203,-0.3637696,0.33863083,-0.46019349,0.46159166,0.8735902,-0.3273832,-0.2948206,A,A,0.91
-0.15240012,0.27016777,-0.44296345,-0.07743281,0.21998295,-0.4200885,0.13212182,0.6427701,-0.3410961,-0.28953767,1.4545776,0.7476804,0.049629137,-0.24330647,-0.03071015,-0.12713167,-0.046454158,0.15537596,-0.07988865,-1.1404738,-0.09799962,-0.10924735,-0.48350307,0.61847275,0.10487227,0.15618017,1.2636476,0.23085578,-0.10825993,0.2696227,-0.024409316,-0.30562252,-0.45500618,-0.14493358,0.6657177,0.30396262,0.062377445,0.13089773,-0.29238123,0.68059105,-0.32039392,A,A,0.8
-0.19034484,0.27720034,-0.15343742,0.22319737,0.23715633,-0.4121752,0.14113958,-0.5207581,0.17274104,-0.24004683,-0.49155664,-0.984183,0.06865075,-0.38124526,-0.03472755,-0.33544365,-0.055808008,0.0026378464,-0.09938765,-0.36809906,-0.098285176,-0.12682925,0.3173873,0.5697408,0.28550112,0.18819493,-0.21636705,0.25907838,-0.12670746,0.43468437,-0.03481951,-0.28544688,-0.34688124,-0.20439348,0.6136387,0.40532082,0.0062993453,0.13453412,-0.4193227,0.6447204,-0.09270911,A,A,0.96
-0.15881772,0.10991426,-0.22783397,-0.079979524,0.2579105,-0.432406,0.13832505,0.6899679,-0.29193866,0.06141394,-0.07292479,1.2965893,-0.11641582,0.77445275,-0.1218356,-0.116180696,-0.35782966,1.3752701,-0.081205025,0.86842173,-0.09799097,-0.121464156,-0.28906092,0.9400465,0.10576325,0.15853809,-0.6650843,0.1545314,-0.107759625,0.34295478,-0.0051174597,0.36424837,0.58457416,-0.07266488,0.98758304,0.361982,-0.66424507,0.14568828,0.7344136,1.0085791,-0.2905985,B,B,0.92
0.05450981,0.18469584,0.1787445,-0.12537277,1.2489326,-0.3281828,0.11642091,0.4414005,-0.27136543,0.065481625,0.8107948,1.130907,-0.056424957,0.5814282,-0.04741314,-0.13800745,-0.35627294,1.0518659,-0.038797397,-0.6022143,-0.09584114,-0.04055574,-0.23230341,0.85141975,0.07408737,0.14892401,1.923824,0.21328284,-0.023044426,0.3192237,0.02365734,0.34975934,0.9453073,-0.07511828,0.8501486,0.36176932,-0.70956236,0.12582858,0.50469947,0.84298664,-0.2788202,B,B,0.95
-0.020113084,0.012797962,1.0201437,3.5275016,0.4170843,0.5342334,0.4710258,0.6892994,-0.36195686,-4.1797333,1.7801675,0.39399332,0.47677577,-0.29824936,-0.07478466,-0.21181498,10.506725,-0.4481357,-0.10358124,-1.1432335,-0.09798154,-0.10883119,-0.56566006,-0.35507968,0.43903893,-1.449373,1.1707137,0.01519953,-0.10721722,0.52989423,0.3981617,0.6634078,-0.790098,-0.16126499,-0.37916425,0.574368,0.7761998,0.46452564,-0.102028385,-0.35249415,-0.32807243,A,A,0.83
-0.18409452,-0.1432159,-0.6677236,0.23206487,0.029341886,-0.32275856,0.058278605,0.44674397,-0.2121269,0.25983804,0.14050104,-0.49580017,0.8597283,-1.7638531,-0.033881407,-0.29845762,-0.4044506,-1.5145594,-0.1015344,0.5039176,-0.09831151,-0.106503606,-0.26388642,-0.5988718,0.06275598,-0.05856249,-0.8252666,-0.089166686,-0.12865321,0.24190958,0.23724534,-0.10582904,0.946526,0.13827159,-0.56720173,0.24164057,-0.75719875,0.090514824,-1.6383406,-0.54113257,-0.2855461,B,A,0.54
-0.21383654,0.5964636,-0.6299002,-1.4391775,0.4863793,-0.31580028,0.16979893,0.8872593,-0.37176883,1.131822,1.9506449,-0.6278274,-1.177512,-1.8678097,-0.030035356,-0.27538642,-0.5383675,-1.3064361,-0.11610456,-1.1437938,-0.09848201,-0.12020129,-0.633681,0.63378525,0.0062963497,0.79270303,1.1859409,0.6114373,-0.14285246,0.6303587,-1.2443663,0.29202273,0.48147273,-0.36897063,0.6900341,0.68165153,-0.7581054,0.07836735,-1.8520567,0.717938,-0.33222225,B,B,0.55
-0.12772867,0.25059384,-0.05158358,0.052846774,0.6090392,-0.22362983,0.45890284,-0.18422182,-0.29049027,-0.33008844,0.79693764,0.71000624,-0.0023993733,0.3801391,-0.06802879,-0.20448127,0.024767987,-0.028799381,-0.10482607,-0.0520346,-0.09824503,-0.13206339,-0.33419982,-0.35780206,0.435201,0.44379863,-0.27288914,0.23552923,-0.12384035,0.51921976,0.04145985,0.66021836,-0.35214576,-0.1259431,-0.34894285,0.55166274,0.3871616,0.4562448,0.46175644,-0.31699976,-0.29897177,A,A,0.96
-0.19433337,0.104820006,-0.2989408,-0.09673906,0.3511182,-0.39418346,0.4748033,0.18540116,-0.1794166,-0.5941617,-0.4400577,0.07149401,-0.18128806,0.03675973,-0.060303982,-0.23256208,0.34398627,-0.24805132,-0.107697114,1.1992179,-0.098385505,-0.13985421,-0.09305525,-0.4206766,0.4260454,0.5155371,-1.2034404,0.14304295,-0.13443027,0.48849878,-0.18956089,0.6642241,0.72077185,-0.19534306,-0.38895422,0.50455093,-0.7512866,0.448475,0.19613308,-0.35700804,-0.24402529,A,A,1.0
-0.2517781,-6.2001905,-0.2220673,-1.5378044,-3.0714576,-0.42699653,-3.8949096,-2.1688786,-0.41493762,4.514114,-1.5772907,-1.4059012,-1.2640455,-3.3253467,-0.12575737,-0.36563644,1.0688634,-2.254799,-0.11448445,-1.0976149,-0.09854473,-0.10619811,-0.7278179,-1.3826094,-4.025254,-3.5319602,1.3549175,-5.8306775,-0.14908278,-2.4539204,-1.3114243,-3.6157768,0.9416435,-0.40696916,-1.3601032,-2.6371515,-0.6506084,-3.9165683,-2.979271,-1.3108848,-0.33466658,B,B,1.0
-0.052270267,0.17669353,-0.18888173,-0.025937457,0.37343806,-0.2786098,0.121714994,0.6001935,-0.3237924,0.093191594,1.0783474,1.3102375,-0.054739267,0.7860085,-0.07316146,-0.097407565,-0.37301573,1.1842583,-0.08457308,-0.99765086,-0.097628884,-0.104101546,-0.39966455,0.75363845,0.098852314,0.12152348,0.92018545,0.21444862,-0.08882833,0.4046956,0.059567414,-0.10562932,1.022396,-0.031928398,0.77773017,0.4390162,-0.7375609,0.13092262,0.7032143,0.78190345,-0.30955073,B,B,0.96
-0.12649989,0.26117328,0.062509425,-0.045578405,0.37659135,-0.33134174,0.4568945,-0.637956,-0.07639787,-0.2862713,0.25137836,-0.55008566,-0.09085006,0.5488732,-0.058413204,-0.26687923,-0.023202362,0.0871488,-0.08648129,-0.23293902,-0.09796422,-0.11702759,0.013326429,-0.35462385,0.4225386,0.4837923,-0.35681453,0.25004926,-0.10622886,0.5168817,-0.024727324,0.65443945,0.27542838,-0.16130862,-0.34397098,0.5186157,-0.5419522,0.44581246,0.62002224,-0.3142174,-0.21179612,A,A,0.95
-0.19569509,0.092425905,-0.3856402,-0.087451294,-0.6178798,-0.41770697,0.29947993,-0.09120004,-0.2687345,0.03880044,0.16696814,-1.0053849,0.01740901,-0.083267085,-0.10007399,-0.32044634,-0.30989406,-0.392552,-0.10417696,0.19370712,-0.098354794,-0.13632627,-0.45588106,-0.51724744,0.3095943,0.3839926,-0.6495052,0.0948842,-0.13197148,-0.33640835,-0.010596189,0.5343788,-1.9482126,-0.077740885,-0.48912212,-0.37008178,2.724871,0.30024508,0.001887801,-0.45433596,-0.317157,A,A,0.99
0.2302327,-0.20475544,4.804207,-0.025414236,-0.044142723,6.319888,-0.08243087,0.36974502,-0.23109537,0.18839362,-0.11355413,1.1233265,0.10077634,0.124320015,0.0053966367,0.23259565,-0.46729794,-1.1550586,-0.111450225,-1.0373906,-0.09749316,-0.091922104,-0.07778242,-1.737512,-0.10671217,-0.10201866,0.9793636,-0.19801983,-0.0825225,-0.0983295,0.14076701,-0.51520103,0.74873054,0.0117502455,-1.8775381,-0.11695831,-0.6674724,-0.055407226,0.14401624,-1.8416777,-0.23969898,B,A,0.56
0.11741643,0.14889362,-0.015008082,-0.08974379,0.6406747,-0.42329848,0.10689314,1.0131495,-0.26194805,-0.053143438,-0.25542125,1.466918,-0.035223328,0.8409055,-0.023377853,-0.08470439,-0.28120485,1.3683757,0.029428532,1.4458739,-0.093035296,0.017096287,-0.18283969,0.93633157,0.062631495,0.11702659,-1.044629,0.17697813,0.046963595,0.6617609,0.09251285,0.33444715,0.7920517,-0.08724036,0.9259741,0.7063484,-0.7572939,0.12282224,0.7599032,0.9066298,-0.26742008,B,B,0.72
-0.12102406,0.3105339,-0.3814566,0.0024168396,0.48413008,-0.29167572,0.5905565,0.80733794,-0.037317786,-0.28346956,-0.96486735,-0.30945212,-0.078707606,0.92585236,-0.092980035,-0.268537,-0.011824918,0.3215365,-0.10474128,1.0295519,-0.09820351,-0.13377975,0.16814937,-0.37319455,0.5628089,0.6099263,-1.1797335,0.29530886,-0.12098511,0.6161314,0.044017185,0.09871666,-0.39688125,-0.05547191,-0.35172662,0.63284636,1.101226,0.57444245,1.0382845,-0.33497316,-0.15615204,A,A,1.0
-0.18923782,-0.16702887,-0.12100187,0.09503598,-0.56009644,-0.38859123,0.0691099,-0.07099452,-0.17461567,0.32111853,0.2624275,-1.348952,0.037258275,0.20829654,-0.039839055,-0.32296082,-0.5143102,-0.17252973,-0.10423486,-0.35830298,-0.0983357,-0.13860756,-0.3933179,-0.589378,0.10668163,0.06396867,-0.20637901,-0.15644583,-0.13048752,-0.306572,0.0872772,-0.27703065,0.581342,0.12305715,-0.5681625,-0.33916035,-0.37980047,0.089134164,0.28496274,-0.5296888,-0.30860624,B,A,0.73
0.10774474,0.17025799,1.9198322,0.30439985,0.38542995,2.1326635,0.22696717,0.63687557,-0.26994115,0.003013442,-0.4618803,1.2927119,-0.0969105,0.85213333,-0.04755567,-0.17826933,-0.23324497,1.3444718,-0.10521345,2.4240355,-0.097804785,-0.11275622,-0.21895155,0.9391781,0.33962682,0.20263837,-1.6757133,0.17127706,-0.09758263,0.4954515,0.02371651,0.38238013,0.5472426,0.009072795,0.89679843,0.52360684,-0.605773,0.23311628,0.8290138,0.9129511,-0.27584714,A,A,0.56
0.09778505,0.1467432,3.1699493,0.048438616,0.46856368,3.601882,0.19570789,0.6099192,0.7455114,0.45055422,0.60322213,-1.5779687,0.28111446,0.077935144,-0.05114671,-0.34681147,-0.61377823,0.4295918,-0.100627586,-0.7816584,-0.09791529,-0.10948309,0.35737592,0.6368153,0.21837717,0.21072103,0.25939143,0.13482843,-0.10349191,0.6569585,0.28289437,0.31890565,-0.82549417,0.3924195,0.58855706,0.597964,0.37660813,0.23039152,0.08620501,0.61024237,-0.07407424,A,A,0.81
-0.19939491,0.24459104,-0.21467271,0.026408913,0.5233364,-0.3878849,0.6121296,0.92057425,-0.2856272,-0.63858026,0.3065515,1.0029635,-0.14488892,0.7510571,-0.06911417,-0.12944633,0.33351836,0.21433626,-0.10978993,0.7781895,-0.09842861,-0.1482226,-0.2972352,-0.3973112,0.5554062,0.5887857,-0.654026,0.2162062,-0.13804708,0.5704128,-0.050641853,0.74509907,-0.54058456,-0.20497137,-0.3657216,0.6141722,0.26088282,0.59122115,0.9113473,-0.33154315,-0.29218015,A,A,0.97
-0.1278843,0.10610008,0.20341894,0.38484806,0.4011709,-0.16647056,0.53801876,0.56140864,-0.30374363,-0.25549084,1.6855721,-1.3222831,0.058583394,0.060285628,-0.098423816,-0.3532225,-0.03678916,-0.21446338,-0.10395867,-0.7921874,-0.09823136,-0.1286515,-0.5793603,-0.3715674,0.6805909,0.529018,0.30334124,0.10324897,-0.12288805,0.5545811,0.057296865,0.05718984,-2.0990357,-0.12855986,-0.36276186,0.59564006,2.9500382,0.5309832,0.2490081,-0.3308869,-0.32906908,A,A,0.98
-0.20349446,-0.0709969,-0.3922537,3.5009809,0.32429937,-0.4350124,0.16750549,0.73744226,-0.36171395,-2.6705112,1.6703786,0.47214887,0.6261072,0.09579968,-0.051429134,-0.1977297,5.557469,-1.2065864,-0.09542035,-1.1434641,-0.09834087,-0.13760202,-0.5609518,-1.9034199,0.16102499,-1.736832,1.1925386,-0.12235174,-0.13088651,0.44623017,0.6638036,-0.21400532,-2.4145274,-0.019083267,-1.8972671,0.4906424,2.8529134,0.18604942,0.18218519,-1.855551,-0.3277112,B,A,0.82
0.03828701,0.15503219,1.7270001,-0.10719667,0.07684485,1.517491,0.48921573,-0.6283648,-0.030869735,-0.41735914,0.2676128,-1.2531276,-0.14031652,0.42816985,-0.04961234,-0.3191563,0.082250774,0.01975167,-0.095555924,-0.24937138,-0.09794251,-0.11511812,-0.15799448,-0.32339704,0.43679738,0.53292435,-0.30356747,0.13570406,-0.10500459,0.15291978,-0.0885374,0.6782271,0.055459343,-0.21888833,-0.36992332,0.14403608,-0.24982129,0.46840316,0.5685966,-0.3411621,-0.26129493,A,A,0.99
0.2181747,-0.047576062,4.24422,0.011507811,0.3324445,5.8197923,0.14253736,0.76090825,-0.2848281,0.042948112,-0.28525734,1.5276684,-0.013254586,0.6023634,-0.08920358,-0.11025059,-0.30718875,-1.0008868,-0.107540436,1.3911139,-0.09772327,-0.10749768,-0.24961035,-1.7717068,0.12219074,0.12642299,-0.98064816,-0.040554866,-0.093435384,0.41243014,0.09382626,0.41036034,0.23441929,0.027387677,-1.8973056,0.43912897,0.36554626,0.1468317,0.64960015,-1.872026,-0.28255928,A,A,0.98
-0.13051754,0.18989435,-0.3340309,-0.11748853,0.40316093,-0.41492143,-0.08384844,0.7233541,-0.30624995,2.020211,-0.15846944,2.7126656,-0.56154495,4.2272396,-0.09160062,-0.035943326,-0.8667924,3.9776332,-0.08127318,0.4886514,-0.097952984,-0.14065605,-0.25848988,0.534254,0.05805525,0.12720655,-0.2638552,0.18137524,-0.10559329,0.4300486,-0.2173225,-0.015711622,0.0578853,0.37437156,0.5715674,0.4646577,-0.00527865,-0.20552103,3.7121265,0.58751225,-0.2844274,A,A,0.72
-0.17021404,-0.007208119,-0.48138627,-0.00493843,0.23580438,-0.380098,-0.00474598,0.6779964,-0.2487097,-0.19651848,0.7159926,-0.18496744,0.08746012,0.14704272,-0.042404596,-0.059047874,-0.12694085,-1.1839695,-0.1011248,-0.9304707,-0.09827673,-0.13315836,-0.3027718,-1.877412,-0.049093008,-0.050621405,0.81132287,0.03461927,-0.12609525,0.23265368,0.11357194,0.24578016,1.0751568,-0.13508551,-1.8783941,0.24632603,-0.69458145,0.0069970055,0.11901031,-1.8410383,-0.293235,A,A,0.93
-0.19567953,0.28762278,-0.26700926,-0.14203236,0.5138305,-0.3670658,0.22325774,0.80767155,-0.3357957,-0.56584585,1.5943955,0.685003,-0.021943651,-0.5182079,-0.051288843,-0.15688269,0.25405937,-0.2243422,-0.10587794,-1.0398549,-0.09842892,-0.1374524,-0.47580227,0.38199526,0.15288797,0.24360314,0.9065489,0.26570803,-0.1380746,0.5891239,-0.14740033,0.4279552,-1.5119644,-0.22152205,0.4232518,0.63616186,0.9811646,0.20392643,-0.5180257,0.4564584,-0.31952462,A,A,0.97
-0.20184658,-0.34993532,-0.3544368,0.11302424,-0.0837389,-0.4063139,-0.089528985,0.17215633,-0.2838916,0.095549345,0.8211787,-0.6412885,0.1904272,-0.094324805,-0.071039304,-0.15294848,-0.37424463,-1.2217193,-0.104001395,-0.97498256,-0.09839566,-0.14127894,-0.4400081,-1.8819413,-0.0769709,-0.14531201,0.83184975,-0.32790002,-0.13526379,0.032361973,0.20067692,0.17319764,0.45255563,-0.045846783,-1.8784215,0.039726853,-0.22170094,-0.064567804,-0.007253783,-1.8343823,-0.31514773,B,A,0.54
-0.22150788,-6.200163,-0.29991862,-1.5293889,-3.0731242,-0.43158123,-3.8952513,-2.168431,-0.41918477,2.192388,-1.5808568,-0.3790162,-1.2895783,-2.7722583,-0.13633272,-0.3645028,-0.64791036,-1.1336833,-0.10902611,-1.1051637,-0.098438494,-0.1409846,-0.7291107,-1.4512031,-4.027475,-3.5389678,1.2290592,-5.8304124,-0.1389079,-2.4543588,-1.3111343,-3.615887,0.8208611,-0.39979932,-1.435729,-2.637877,-0.7094288,-3.916377,-2.0221727,-1.3911196,-0.3346735,B,B,1.0
-0.17789099,0.2439807,-0.088159725,0.14810577,0.45467737,-0.4155756,0.4586209,0.85043824,-0.10188872,-0.1780212,-1.0862343,0.09252176,-0.07586962,0.190226,-0.065168835,-0.22553837,-0.08291697,-0.15896882,-0.09548949,1.2749574,-0.09822507,-0.12893526,0.11301016,-0.37714157,0.5333557,0.49838457,-1.2696937,0.23369566,-0.12245478,0.57557976,-0.06701996,0.05506433,-0.079080574,-0.089989156,-0.3517622,0.59408116,-0.32484674,0.44085065,0.27952847,-0.31875783,-0.17715713,A,A,0.98
-0.19873661,0.18354002,-0.35640585,0.030458234,0.6739815,-0.39838374,0.5288141,1.0116278,-0.29116157,-0.57437485,1.4877101,-0.6955326,-0.16092627,1.0909917,-0.07763561,-0.28502643,0.2894719,0.469027,-0.10358253,0.052649803,-0.09841172,-0.14922929,-0.47567812,-0.39814487,0.46714857,0.49072066,-0.43237618,0.18733363,-0.13660459,0.76372105,-0.01410895,0.7182511,0.12837104,-0.19981886,-0.36641723,0.8191077,-0.54702973,0.5158714,1.2324797,-0.33262172,-0.3195104,A,A,1.0
-0.12236298,0.19610381,-0.55755067,0.20873266,0.42008397,-0.3872838,0.25066584,-0.80773556,1.2299237,-0.29420155,-0.6968311,-1.4476662,-0.1859649,0.4477094,-0.049425382,-0.33354235,0.010214731,0.96216744,-0.07977679,-0.85909206,-0.09787394,-0.11156265,1.2064865,0.8574266,0.3745519,0.2928083,0.33338824,0.17922331,-0.10123893,0.60718215,-0.13697506,-0.14423935,-0.8780128,-0.20754509,0.9006998,0.46490744,0.25243074,0.23366232,0.44430238,0.91193956,0.4847597,A,B,0.52
0.19404241,0.32081574,3.0866091,0.23734187,0.514444,3.6863077,0.6070391,0.5088768,-0.1966994,-0.9221476,1.6229652,-1.2979339,-0.124704026,1.190499,-0.020861635,-0.32706577,0.6943839,0.50210834,-0.09312374,-0.8005154,-0.09744423,-0.10021526,-0.42934772,-0.24226518,0.5506616,0.46845263,0.24639393,0.3018441,-0.0803315,0.6749401,0.030750932,0.7746307,0.9179631,-0.25152108,-0.34665534,0.7116585,-0.65197337,0.5835237,1.3030833,-0.3143504,-0.31373715,A,A,0.98
-0.13031602,0.30090725,-0.7481511,0.00035548775,0.020010507,-0.24743955,0.26009542,0.4863363,8.698887,-0.27512753,-0.83859295,-1.7722075,-0.04087627,0.7091811,-0.052256852,1.5093771,-0.03888982,1.169275,-0.09558287,3.0944243e-08,-0.098233975,-0.13397877,3.2273364,0.86733973,0.22161068,0.24048929,0.731513,0.27932137,-0.123069964,0.2658399,0.052024364,0.46950027,-0.3765941,-0.08078066,0.9190945,-0.45629752,0.08873775,0.26658034,0.64864856,0.9248071,3.0680995,A,A,0.59
-0.1934206,0.13678743,-0.47665504,-0.10583158,0.40102458,-0.4040527,0.49717075,0.8052276,0.4997075,-0.29103628,0.41229537,-1.493975,-0.04122455,-0.041680742,-0.031132665,-0.35627425,-0.04057767,-0.29532415,-0.1050603,-0.60941815,-0.09833837,-0.13526492,0.2694467,-0.3963971,0.48495403,0.58447975,0.02703807,0.11679668,-0.13069339,0.59052455,-0.064689465,0.07804248,-0.13385709,-0.14297858,-0.36431617,0.5657869,-0.23818359,0.47666377,0.115194,-0.33274078,-0.11413869,A,A,1.0
0.17039168,0.19887671,3.8328261,0.41436216,0.08084737,5.1400485,0.3519393,-0.8336056,-0.31492713,1.5104452,0.023009086,2.3413014,0.2404128,1.7499237,-0.06764484,-0.098234236,-1.0412495,0.97898555,-0.10087883,-0.051802155,-0.09784682,-0.1224989,-0.3051819,-0.20972547,0.5222592,0.34094372,-0.07872444,0.18391518,-0.099789105,0.1700709,0.5659647,0.08056439,0.11303086,1.3556067,-0.30205074,0.18024287,-0.19460712,0.32188448,1.7535665,-0.27298602,-0.29369003,A,A,0.78
-0.18952979,0.26855192,-0.48511603,0.13170041,0.5420995,-0.43909502,0.16453731,0.78612363,-0.20035869,-0.21323404,-0.33315805,0.29927787,0.324996,-0.43132052,-0.088745795,-0.23336793,-0.09356907,-0.13700472,-0.08891598,1.701906,-0.09815954,-0.11697966,-0.12032252,0.39331183,0.13706568,0.07694702,-1.4771733,0.25196517,-0.11807125,0.63357633,0.1946688,0.40161148,-2.5219386,-0.005485297,0.440524,0.66867083,3.4587836,0.18615676,-0.45349354,0.4657345,-0.25149858,A,A,1.0
0.06472542,0.08731953,1.9271367,0.2718836,0.2941135,1.8646023,0.40705165,0.26705897,-0.050870497,0.08077386,-0.15629627,-0.77543813,-0.043322075,0.30426913,0.0024582974,-0.28951696,-0.33312446,-0.051343754,-0.084525034,0.29591396,-0.09783032,-0.10825274,-0.004659122,-0.32281095,0.47978354,0.37261283,-0.717712,0.09453936,-0.098917045,0.46642908,-0.0014554509,0.62297297,0.8878075,-0.05686184,-0.38006252,0.47401378,-0.707222,0.40575466,0.43536806,-0.34996587,-0.21758854,B,A,0.83
0.14893875,0.32987145,2.2739859,0.069759786,0.4216319,2.312994,0.30495933,0.7981153,-0.0035136815,-0.62827194,-0.46432278,0.20656788,0.10927908,-0.3851702,-0.08883036,-0.24563289,0.3493088,-0.028575176,-0.09287858,-0.66631186,-0.09762269,-0.08570666,0.41363195,0.64362544,0.22741221,0.20889159,0.09245454,0.31114435,-0.08853292,0.55010283,-0.0016100056,0.51247674,-2.3471458,-0.2124726,0.59454286,0.50534517,3.1426044,0.2951697,-0.3746229,0.5989574,-0.046688605,A,A,0.96
-0.123715505,0.2103653,0.059239037,-0.8658925,-0.035905126,-0.43655625,0.16778821,-0.22738037,0.07054417,0.5948771,-0.6167875,-0.9943197,-0.19330497,-2.3602135,-0.09879208,-0.323121,-0.6597125,-1.6608728,-0.04258997,-0.06605693,-0.09726593,0.015134107,0.14461775,0.72607195,0.090811595,0.5714487,-0.45228085,0.25507966,-0.072669014,0.18534991,-0.68908006,0.33497795,0.86483425,-0.009353039,0.75693214,0.15484717,-0.7131618,0.120454505,-2.2463095,0.7793776,-0.16527706,B,B,0.59
-0.18822241,0.10610008,-0.27943975,-0.11092744,0.38683206,-0.3904389,0.4615178,0.79458857,-0.23168513,-0.5336649,0.38345417,-0.022477645,-0.18126166,0.17515406,-0.06897085,-0.23315816,0.25435466,-0.150282,-0.10509901,0.2825748,-0.098374315,-0.1401673,-0.24579987,-0.4121056,0.40696532,0.50256217,-0.6292858,0.13844089,-0.13352329,0.5114774,-0.16762185,0.02143584,0.50727546,-0.20290133,-0.3851803,0.53686845,-0.74747384,0.43804422,0.32647115,-0.35049883,-0.28174716,A,A,1.0
-0.15100229,0.23237333,-0.38403293,0.6725262,0.52611864,-0.4115205,0.3055604,0.89929897,0.58787936,-0.63211447,-1.1577824,-1.1980777,0.06585039,0.18508929,-0.07770188,-0.33252493,0.43381533,0.53122735,-0.09201708,-0.15948582,-0.09805181,-0.118055925,0.78267694,0.6040431,0.47506478,0.14871696,-0.4140366,0.27058008,-0.1113415,0.68587303,0.07801921,0.5160808,1.2978803,-0.21078968,0.64859504,0.6599329,-0.64418626,0.2926192,0.2053416,0.66547924,0.16688193,A,A,0.94
-0.13566114,0.329729,-0.257829,-0.12415679,0.53241485,-0.36715552,0.3182955,0.90424293,-0.066511184,-0.39859447,-0.33161646,0.269874,-0.026701408,-0.22007778,-0.09180142,-0.22137828,0.08689258,0.13382615,-0.095062695,-0.37484154,-0.098150715,-0.11888237,0.24845292,0.5955735,0.25683716,0.34673694,-0.19605651,0.31315178,-0.11749929,0.6264602,-0.09774269,-0.14133091,-2.1793513,-0.14913093,0.6302751,0.6209823,2.8470333,0.30547604,-0.2128605,0.6514481,-0.123210244,A,A,0.95
-0.19025412,0.2031794,-0.28339726,-0.15427627,-0.14758955,-0.41093284,0.5352977,0.34906557,0.13802688,-0.5025282,-1.1274124,-1.0230502,-0.20664169,0.5672862,-0.0660466,-0.32218495,0.15610933,0.10076864,-0.10243726,0.20297408,-0.098296285,-0.13733749,0.25573775,-0.39597777,0.47767588,0.6030294,-0.69331896,0.20042597,-0.12752156,0.06918456,-0.14187391,0.1263187,0.1786342,-0.2512872,-0.36818174,0.03463387,-0.52126837,0.5055176,0.7075714,-0.33344176,-0.12008401,A,A,0.99
0.031814475,0.61681885,1.0823495,-0.09637272,0.24872282,0.9775411,0.08490505,-2.17225,-0.051501904,0.58256346,-1.576821,-0.13413067,0.18414956,0.4039987,-0.07434161,-0.36337557,-0.7075935,0.6507032,-0.108099975,0.31037405,-0.09804966,-0.11846106,0.44713128,0.7713617,0.06793586,0.12640768,3.1812165,0.6296078,-0.11121216,-2.4519963,0.20867723,0.35315454,0.45879194,0.5273969,0.7614203,-2.5820737,-0.7483134,0.1439506,0.14164932,0.7699669,-0.029731255,B,B,0.78
0.009935487,0.2999884,1.3422512,0.105935454,0.6054667,1.0468075,0.61129254,0.17924212,-0.1255286,-0.87044674,-0.17016675,-0.18279779,-0.2331247,1.3669994,-0.060726352,-0.26297742,0.6264827,0.6207482,-0.095803894,0.6779874,-0.09801737,-0.12702703,-0.016168628,-0.31722808,0.54715174,0.5363945,-0.9335192,0.28340128,-0.10929666,0.7248216,-0.069057584,0.78471684,0.32619405,-0.22209103,-0.35737738,0.75401413,-0.5172358,0.5862741,1.4914579,-0.32483676,-0.22122195,A,A,0.99
-0.13740952,0.14381938,-0.4670248,0.12857957,0.20462768,-0.29997724,0.46298367,0.65124846,-0.19227304,0.7275601,0.7649925,-1.0169569,0.11273537,1.2305648,-0.056557696,-0.32879394,-0.75786704,0.6365534,-0.105129175,0.11695732,-0.09824778,-0.1393403,-0.33913147,-0.3323723,0.51092,0.48468003,-0.6187479,0.1270002,-0.124033235,0.39155683,0.32745296,0.71306455,0.03019044,0.63548297,-0.30384016,0.41057056,-0.35353798,0.5061873,1.3520124,-0.2878023,-0.2998332,A,A,0.96
-0.20507553,0.38048303,-0.34712327,0.5094623,0.5159344,-0.4218974,0.26544413,0.90309024,0.106513456,-0.76916397,-1.1420332,-0.64561063,-0.06645999,0.32183325,-0.09689296,-0.2980649,0.5614263,0.8414078,-0.10459668,0.67445594,-0.09834802,-0.13834324,0.356091,0.9445193,0.40327144,0.1597855,-1.0058452,0.3555928,-0.13144104,0.6629339,-0.0454229,0.43564245,-2.78912,-0.29668483,1.0031214,0.6777772,4.199286,0.23658465,0.25242367,1.0295514,-0.07468375,B,A,0.63
-0.1844757,0.1172238,-0.47755077,1.4451818,-0.56178755,-0.35763603,0.31425506,-0.11768789,-0.24558301,-0.5648172,-0.8932247,0.121223256,1.1731483,0.15713374,-0.0650387,-0.24603279,0.26474643,-0.20855814,-0.1092858,0.91559625,-0.09842508,-0.14408821,-0.234373,-0.4769918,0.3610275,-0.3970446,-0.9718484,0.11698838,-0.13774322,-0.3349209,1.2192097,-0.77347076,0.6333899,-0.10190894,-0.4462589,-0.3710961,-0.41250095,0.38760152,0.23187922,-0.41755074,-0.27927414,A,A,0.89
-0.20887455,0.13238353,-0.3842337,-0.11296651,0.3148018,-0.4060639,0.4583366,0.74344033,-0.31302357,-0.3874237,0.73414534,0.2839799,-0.12748389,0.27911648,-0.090377316,-0.22926325,0.077023,-0.09917897,-0.10661852,0.7948073,-0.09840274,-0.1431764,-0.4316582,-0.43597335,0.41705653,0.51463574,-0.79724044,0.12795815,-0.13585155,0.44954425,-0.0971788,0.03437116,-2.1509,-0.18622099,-0.40248072,0.47905138,2.2536411,0.44299904,0.41594905,-0.36733282,-0.31404707,A,A,1.0
0.19162835,-0.016075334,2.2993245,0.45539126,-0.2589719,1.0188359,0.1254458,-0.7575123,-0.1339484,0.5452005,0.11369625,-0.8908144,0.07388113,-0.015405167,0.024750499,-0.29421154,-0.584765,-0.3427075,-0.09450343,-0.41600734,-0.095562756,-0.021353774,-0.18295951,-0.42342037,0.35982883,0.14213042,-0.18777868,-0.005825235,-0.014904424,-0.02847953,0.06829944,-0.07098554,1.411852,0.31367707,-0.52966493,-0.051269803,-0.4801444,0.14090537,0.03103677,-0.49697563,-0.26744896,A,A,0.75
-0.18467674,0.6254436,-0.43409792,-0.76395434,0.7396544,-0.3529615,0.017562836,-2.1624424,1.3848552,-1.7500292,-1.5779324,0.18562204,-0.95563316,-0.0071089263,-0.06841915,5.615676,3.2046354,0.8063039,-0.10672454,-1.1652498,-0.098343864,-0.13406684,4.7270203,1.5117013,-0.10870395,0.2990989,1.2324735,0.6310125,-0.13111824,-2.4371374,-0.985275,0.15251358,0.93761706,-0.3112477,1.576232,-0.94980806,-0.6142766,-0.05964721,-0.2556153,1.596772,6.1261587,B,B,0.79
-0.13966997,0.011610011,0.09822617,-0.13592586,0.35811412,-0.28316414,0.44252086,0.5962238,0.5240825,-0.28676683,-0.8652588,-1.3042743,-0.111556165,-0.048883677,-0.085266486,-0.3320499,0.00016465764,-0.2815965,-0.10446459,-0.30433172,-0.09822406,-0.1274205,0.58371365,-0.40373388,0.40540335,0.5145159,-0.2802844,0.01356342,-0.12238447,0.3802346,-0.126944,0.63855624,-1.6634936,-0.11900823,-0.39171642,0.3481056,1.5927933,0.43075588,0.1354538,-0.35927737,0.04442674,A,A,0.98
-0.15265317,0.11254351,-0.2914735,-0.06029449,-0.4115762,-0.27812046,0.37091488,-0.4845795,-0.33918115,-0.22636211,0.4389746,0.16306688,-0.013302101,0.13205834,-0.12044925,-0.20512493,-0.0860973,-0.2421667,-0.10709272,-0.5615562,-0.098329425,-0.13632874,-0.50136626,-0.49359664,0.34269905,0.4051161,0.31180373,0.16003442,-0.13000722,-0.19617538,-0.0029869473,0.5665425,0.7570139,-0.16555639,-0.4723478,-0.2164164,-0.70002055,0.3655071,0.23701811,-0.44568026,-0.3223116,A,A,0.99
-0.027931003,0.28074965,-1.6176971,0.06145209,0.04198492,-0.14713639,0.51767075,0.08820027,-0.30902922,-0.3703429,0.34254593,0.5189279,-0.13679704,1.590445,-0.035760246,-0.1844933,0.044446472,0.82676095,-0.09753546,0.3745124,-0.096602194,-0.077103764,-0.39695394,-0.33017132,0.48276886,0.4907615,-0.4466072,0.26422736,-0.047514267,0.18830223,0.076325044,0.693919,0.33673164,-0.13873364,-0.30856597,0.19968404,-0.62788314,0.510698,1.6615783,-0.32448682,-0.30914947,A,A,0.95
-0.19453822,-0.008882161,-0.31513974,-0.16779876,0.27494645,-0.40846542,0.15414079,-0.04831678,-0.33596954,0.21872456,0.95890784,1.2886434,-0.046174534,0.41815564,-0.092654325,-0.11690876,-0.460243,-1.0852777,-0.10276093,-0.82538563,-0.09837671,-0.14275819,-0.4414865,-1.8970084,0.15392928,0.2588042,0.722175,-0.0025570444,-0.1337172,0.35619593,0.023089703,-0.18497413,-1.8382062,0.08361953,-1.8976103,0.38394988,1.8578925,0.15168384,0.4595237,-1.8522408,-0.31533948,A,A,0.96
-0.2063915,0.025726032,-0.21370016,0.029840022,0.3893687,-0.41555977,0.46318483,0.8097461,-0.32864854,-0.4614494,1.1517797,-0.014029429,-0.092916355,-0.111124784,-0.0525291,-0.2447243,0.17310064,-0.33428198,-0.102119446,0.30604157,-0.09836019,-0.13675481,-0.49652562,-0.42961228,0.46934077,0.49343997,-0.47966287,0.010364887,-0.13239676,0.5376738,-0.120283864,0.006572451,-0.29288334,-0.17717701,-0.39963266,0.57487494,-0.02629283,0.4435933,0.076770484,-0.36177248,-0.32180557,A,A,1.0
-0.041015908,0.17027617,0.5412381,-0.22548772,0.2466889,-0.24256009,0.15564388,0.656969,-0.3375998,0.020660736,1.1091064,1.2934788,-0.2201347,0.8058408,-0.11998283,-0.12573914,-0.31211355,1.3025384,-0.07791118,-1.0416204,-0.0969657,-0.0789842,-0.44630128,0.8856268,0.10482451,0.23697408,0.99499017,0.21441293,-0.06072231,0.32300007,-0.12017912,0.3625671,0.757409,-0.101188354,0.8978671,0.35409275,-0.6900827,0.15170251,0.7442768,0.91158766,-0.31595737,B,B,0.97
-0.13067919,0.16397214,-0.4456464,-0.12615809,0.28139782,-0.365543,0.23691308,0.608719,-0.20902947,-0.36970758,-1.1014963,0.72978675,-0.21001753,0.98763233,-0.063011535,-0.21903063,0.050936285,1.5030357,-0.09854938,2.4891927,-0.09812164,-0.13013412,-0.07571253,0.8890629,0.18967877,0.27489215,-1.8473966,0.15449226,-0.11564214,0.3809232,-0.08303963,-0.15450393,0.40920764,-0.16524659,0.93248844,0.40189797,-0.44743788,0.22428162,0.9672725,0.9469386,-0.23910488,A,A,0.52
-0.14336938,0.22570746,-0.61185586,0.2913958,0.437712,-0.3811262,0.2536443,0.030880457,2.972196,-0.53180844,1.0532942,-1.7671764,-0.18986666,0.27535743,-0.0495674,0.3807466,0.28866038,0.789873,-0.08396186,3.0944243e-08,-0.09787582,-0.10943769,0.7361715,0.8516942,0.42220274,0.2994212,0.7809846,0.20828125,-0.1013404,0.50048345,-0.16932414,-0.17090431,0.16597436,-0.29787806,0.8993415,0.34340578,-0.33398184,0.22356135,0.2687373,0.9136005,0.13672723,A,A,0.58
0.24015227,-0.21125464,-0.35210747,-0.19336702,0.46925297,-0.48264804,-0.12924296,-2.1697724,0.68551636,0.9665704,-1.5785977,0.026875515,-0.09215154,0.055048496,-0.064932086,-0.35946992,-0.88027227,1.0087259,0.17563596,-1.0549957,-0.08420891,0.1760124,2.814045,1.2638278,-0.12576406,-0.030999124,1.7399504,-0.15952462,0.19267066,-2.450531,-0.071961574,0.17606659,0.7201062,0.5531095,1.2411658,-2.1414287,-0.66998535,-0.13216409,0.057536617,1.1947092,2.3961954,B,B,0.81
-0.18229401,0.1653504,-0.17230663,-0.1614948,0.43690407,-0.40751103,0.22406472,0.7747077,-0.23793535,-0.6901106,0.084071174,0.16155618,0.036334388,-0.65438557,-0.014806544,-0.27211425,0.32867718,-0.03965827,-0.10090824,1.6094937,-0.098280475,-0.1234313,-0.23988256,0.858864,0.14346303,0.24399428,-1.4486667,0.1083847,-0.12636614,0.5651146,-0.11331572,-0.23333769,-0.80942804,-0.32310203,0.90953034,0.59756094,0.77893806,0.19813932,-0.6059105,0.9346975,-0.28047356,A,A,0.91
-0.15168384,0.36164674,-0.48050177,0.19065468,0.253689,-0.35356063,0.25292125,0.6398885,0.24031907,-0.5812866,-0.83684134,-1.085676,0.03519379,0.6448677,-0.07287472,-0.3291841,0.291297,1.1319134,-0.09495009,0.044377737,-0.09816481,-0.12886138,0.3644483,0.9342783,0.19430433,0.10691976,-0.57527137,0.3404274,-0.11841483,0.39935148,0.11844182,0.4844844,-0.23405363,-0.17568475,0.9827985,0.38813236,0.35976577,0.25387594,0.55616504,1.0002007,-0.07070653,B,B,0.62
-0.09818147,0.10953302,0.06407179,-0.1494756,0.22246683,-0.19916585,0.15700442,0.4608864,-0.24103804,0.13582668,-0.7958166,1.0591434,-0.05966019,0.4754731,-0.11913418,-0.090710536,-0.41393363,1.0984024,-0.09669003,1.2865896,-0.098102085,-0.124690615,-0.13584596,0.9684364,0.13455717,0.22775923,-0.99288654,0.1554525,-0.11441536,0.29631162,0.008655703,-0.076586746,0.79260904,-0.039546534,0.99609053,0.3015907,-0.6675014,0.16461925,0.4610422,1.0157809,-0.25560966,B,B,0.97
-0.16001907,0.22781244,-0.30045018,0.023074837,0.42551944,-0.3472794,0.24729298,0.5786658,-0.25639743,-0.36318484,0.09660313,0.18850325,-0.21338518,1.0455519,-0.07587162,-0.22683258,0.106620334,1.2681683,-0.1102278,1.2984608,-0.098286554,-0.14017291,-0.28211248,0.58370715,0.23177628,0.23912367,-1.1907566,0.2126231,-0.12680864,0.4052915,-0.08366191,0.42313996,-1.3583813,-0.116318494,0.6306386,0.43355924,0.9352578,0.22090892,0.9955561,0.64808685,-0.28923136,A,A,0.94
0.033396892,0.24708271,-0.63378006,-0.541714,0.37175167,-0.44629255,0.044932913,-2.1710448,0.32782245,-0.42050692,-1.578106,0.18078117,-0.6457908,0.7756892,0.1977751,-0.36074486,0.2972482,1.1546749,-0.007641956,-0.89453626,-0.09513738,-0.025533967,1.8244542,0.77656305,-0.057271525,0.23360343,2.0488222,0.21813822,-0.0031191222,-2.4505901,-0.59837294,0.22317259,0.78226745,-0.14576966,0.79301006,-2.3861141,-0.743022,0.0058006938,0.6167037,0.77467287,1.0873883,B,B,0.86
-0.19173977,0.29017445,-0.31378466,0.11137867,0.54985267,-0.43468994,0.61830276,-0.39615467,-0.074694246,-0.69385254,0.5443583,-0.91662353,-0.10130803,0.8212217,-0.10228477,-0.3145375,0.41469806,0.25122908,-0.097252615,0.03119378,-0.09824872,-0.13585824,-0.109783314,-0.3895564,0.56452894,0.5522962,-0.52743703,0.27272627,-0.124099225,0.69288313,0.004434643,0.8242875,-2.4269211,-0.21717961,-0.35951072,0.7194755,3.6711137,0.59497344,0.9612772,-0.32640955,-0.24864815,A,A,0.99
-0.1903888,0.10831901,-0.369947,-0.028719796,0.17222339,-0.44542816,0.49102372,0.61261743,-0.0060987575,0.01971718,-0.1996796,-0.95366096,0.0006513449,0.5438253,-0.09448519,-0.32906622,-0.31482694,0.118027106,-0.0981577,0.25259694,-0.098332,-0.14001389,0.014449169,-0.39210418,0.49253124,0.5506024,-0.72776794,0.15517272,-0.13020375,0.3774627,0.08526845,0.08242563,1.529322,-0.067602634,-0.3664706,0.37982523,-0.5256097,0.49241963,0.7066913,-0.32947037,-0.21142988,A,A,0.97
0.10092486,0.05236404,3.5340729,-0.09848576,0.5752192,4.319229,0.18592986,0.70850146,-0.20993413,-0.20436053,0.17055038,0.46843505,-0.11720681,0.5391015,-0.07438117,-0.18685576,-0.11720287,-1.047378,-0.1055093,0.2575316,-0.09798747,-0.119233236,-0.12100917,-1.8012016,0.15485314,0.22195837,-0.6449859,0.049105354,-0.10755842,0.5720058,-0.038313303,-0.2455212,-0.8955686,-0.1376413,-1.8969622,0.5972118,0.6618551,0.17717354,0.5641145,-1.8602237,-0.25168264,A,A,1.0
-0.17944804,0.36085942,-0.3782321,0.3069449,0.23924199,-0.34204072,0.2529268,-0.24973081,3.7139213,-0.8104331,0.71886474,-1.7683119,0.12040624,0.52609044,-0.05696239,0.48206478,0.5198647,1.0131361,-0.10778048,3.0944243e-08,-0.09837221,-0.141886,1.0588291,0.91657823,0.18967877,0.038395464,0.7315506,0.33406946,-0.13335489,0.4595604,0.18811662,-0.40748075,-0.60946625,-0.28440538,0.9694188,0.16292533,0.28610066,0.24748448,0.4454806,0.992142,0.3651978,B,B,0.74
-0.09585021,0.19097137,-0.22047107,-0.9229143,0.010239629,-0.48434952,0.22000447,0.46347204,0.20830865,0.77562773,-0.6533414,-1.1854748,-0.020938242,-2.64145,-0.099657774,-0.3133623,-0.7923788,-1.892498,-0.016144939,-0.089949206,-0.096426904,0.10828451,0.24954855,0.83379483,0.11497994,0.62883383,-0.46815044,0.2361665,-0.0415406,0.21738707,-0.6836729,0.3989544,0.83131844,0.048818864,0.86358213,0.18365186,-0.6792984,0.18556406,-2.5026956,0.8785802,-0.122741535,B,A,0.59
-0.19254257,0.012412484,-0.21758442,-0.110618725,0.43520358,-0.39764854,0.50941086,-0.10778644,-0.3104663,-0.5713875,0.8880325,0.23045386,-0.118561946,-0.2075435,-0.1134542,-0.24001972,0.29123667,-0.38528532,-0.100229114,0.6923664,-0.09833619,-0.1339372,-0.430869,-0.40824926,0.45695242,0.5566821,-0.7521683,0.06384876,-0.13052519,0.5576959,-0.16170248,0.06040355,1.3944882,-0.19239523,-0.38033235,0.6002652,-0.34278923,0.48040828,0.0062577664,-0.34505758,-0.31394145,A,A,0.99
-0.08394379,0.50718904,-0.43352363,-1.3930086,0.20598745,-0.48550284,-0.023432484,0.6524151,-0.39203575,1.3465383,1.7093183,-1.0817275,-1.059524,-2.486924,-0.041006375,-0.33265805,-0.601132,-1.685312,-0.008775883,-1.1209351,-0.096001364,0.115472496,-0.6890294,1.3477572,-0.17821664,0.56709933,1.2596322,0.53571516,-0.027904812,0.3939477,-1.2002742,0.09610135,1.5767655,-0.33144656,1.3953879,0.4309252,-0.5040021,-0.11390751,-2.4249542,1.3949157,-0.33412337,B,B,0.51
10.500916,-0.18956481,1.590264,-1.5138981,0.34233713,0.08601277,-3.8924117,-2.1687193,0.4934144,2.8783643,-1.575446,-0.11323887,-1.2836877,-0.09026381,-0.10952225,-0.360747,-0.2400742,-1.0058426,-0.1050098,-0.95789844,5.6605377,7.5147347,2.1342716,1.8837848,-4.0167885,-3.53582,1.9455605,-0.14100006,7.5863953,-2.4510126,-1.3035866,-3.6121159,-0.5715337,-0.39743388,-1.515445,-2.327714,-0.06835055,-3.9137788,-1.8676883,-1.8245171,1.4516325,A,B,0.8
0.18136227,0.29872772,0.29700682,-0.010257458,0.21283758,1.1400682,0.26977128,-0.6848081,-0.15919493,-0.3374882,0.2003443,-0.567588,-0.07932759,0.7551029,-0.10335108,-0.30595815,0.040880878,1.2328322,-0.09757056,0.10004468,-0.09768731,-0.10560729,-0.16676119,0.9717873,0.21571676,0.239883,-0.5718851,0.28451696,-0.09165729,0.40182775,0.01760754,0.49493653,-2.2841976,-0.0682816,0.9451549,0.40733317,3.312816,0.27030694,0.69833124,0.91981196,-0.26348665,A,A,0.7
-0.19319859,0.6274686,-0.27953205,-0.34709018,0.5218136,-0.40376472,0.17969891,0.9043411,0.5127079,-2.5184784,-1.5749182,0.87080663,-0.6600508,0.4331868,-0.0806144,-0.12409352,3.5219328,0.6333919,-0.10509088,-0.9713071,-0.09840578,-0.14286743,2.2599337,0.6630497,0.045426548,0.23886518,0.47845724,0.6456425,-0.13610564,0.5920776,-0.65858436,0.26390433,1.2318798,-0.3169456,0.7071759,0.3275304,-0.69739044,0.11628453,0.21008497,0.74024314,1.611196,B,B,0.78
-0.15610465,0.24486075,-0.36637607,-0.02824621,0.12401336,-0.39456776,0.13259698,0.5539871,-0.2855212,-0.26311055,0.11273817,0.32944626,0.13166496,-0.2765337,-0.05734998,-0.23912944,-0.05707413,0.13634324,-0.094507635,1.3617628,-0.09809574,-0.11493961,-0.3452676,0.6235644,0.07866674,0.10086084,-1.196052,0.2783807,-0.11402118,0.25860208,0.049452513,-0.3615256,0.87888867,-0.108488455,0.66798854,0.27750066,-0.76694965,0.14104538,-0.3139513,0.6870655,-0.3008904,A,A,0.88
-0.20769055,0.11380904,-0.3603759,-0.14691944,0.34691396,-0.4096985,0.46346122,0.10566589,-0.33105952,-0.1603251,1.1424227,0.60934925,-0.06668864,0.17860843,-0.072949685,-0.2022066,-0.12997873,-0.15436485,-0.109217845,-0.49894568,-0.09850131,-0.151034,-0.4633497,-0.42300037,0.41743705,0.5335884,0.18415801,0.10789824,-0.14469282,0.46601456,-0.049634982,0.033328526,-0.5829682,-0.045991417,-0.3910248,0.49911866,0.6710103,0.45686862,0.3274249,-0.35461387,-0.31806475,A,A,0.98
-0.21206462,0.10662496,-0.4027731,-0.09111161,0.39707693,-0.42395929,0.45369032,0.6056657,-0.20790529,-0.45602763,-0.7062916,0.5657794,-0.16326232,0.24431486,-0.07101277,-0.18624961,0.17372644,-0.10705492,-0.10730764,1.9236357,-0.0984134,-0.1438567,-0.09897543,-0.42311183,0.4065488,0.4912887,-1.5392342,0.14021459,-0.13674757,0.49427673,-0.13811144,-0.017052691,0.494144,-0.16970457,-0.3913476,0.52270424,-0.7421934,0.43171886,0.39086694,-0.3531721,-0.24567518,A,A,1.0
0.16891983,-0.15047574,2.0469913,0.16595447,0.4706927,2.3707354,0.11792004,0.83691317,-0.26802516,0.19980234,-0.45239997,1.6806549,-0.04781187,0.6390499,-0.06603489,-0.1214729,-0.43202138,1.546898,-0.09705662,1.4320831,-0.0976498,-0.105273664,-0.1817267,1.247431,0.23702897,0.1668091,-1.0705258,-0.13875256,-0.08983218,0.5322066,0.07098916,0.3587079,-0.37302703,0.11158577,1.1992885,0.56101686,0.08865681,0.12094143,0.72279304,1.2034209,-0.2671514,B,B,0.91
-0.14377429,0.106379494,-0.36854014,0.098753996,0.3357086,-0.39151376,0.49843863,0.72642714,-0.38030368,-0.10061755,1.8285747,-1.1045814,0.02139278,0.5198954,-0.11517766,-0.3229332,-0.1957477,0.10242207,-0.09476366,-1.1254423,-0.09821701,-0.13210711,-0.6711245,-0.38859314,0.49066395,0.47896677,1.2066689,0.13761938,-0.121902056,0.5067797,0.1035863,0.009209027,0.14481148,-0.058965433,-0.36601546,0.550775,-0.28198937,0.49653205,0.6878084,-0.34248346,-0.3336532,A,A,1.0
-0.20400995,0.10721591,0.9309263,-1.2224773,0.3641255,-0.001420399,-0.118189126,0.17460479,-0.3409754,1.6576424,1.2245834,0.26142406,0.10543593,-3.2019267,0.41821074,-0.2216827,-1.1396928,-2.4835236,-0.12305804,-0.40422663,-0.09814619,0.057499737,-0.5119992,-0.40858492,-0.22469622,0.42350078,0.224202,0.08726322,-0.117207795,0.4797258,-0.8932968,-0.07460704,-0.83144987,-0.0056432253,-0.38660732,0.52191395,0.0705725,-0.19418408,-3.0469694,-0.34132147,-0.32338765,A,A,0.67
-0.092138596,0.290466,-0.25368038,-0.3181826,0.24604142,-0.37826735,0.17945658,0.20685579,-0.34410182,-0.34196335,1.0793141,0.8477583,-0.5647193,2.2069044,-0.0731561,-0.20530242,0.15153392,2.2288089,-0.08233686,-0.59905356,-0.09798517,-0.13141187,-0.48977378,0.59414345,0.11245733,0.29588047,0.34247738,0.2668214,-0.107425645,0.38005003,-0.3838967,0.3943427,-0.4685087,-0.065751396,0.61978775,0.40625998,0.22547683,0.14654157,2.0069892,0.6345293,-0.3210828,A,A,0.69
-0.24140559,-6.2000437,-0.5108898,-1.5468878,-3.0720267,-0.43123296,-3.8948114,-2.172421,-0.41714302,1.6537876,-1.5779874,-1.1183772,-1.2798202,-3.1704574,-0.13032399,-0.3649157,-0.79003567,-1.9173064,-0.11035251,-1.0959563,-0.098515965,-0.12451526,-0.72843295,-1.3466395,-4.0360126,-3.5386853,1.3891762,-5.8312044,-0.14613318,-2.4541297,-1.3133194,-3.611322,0.7926472,-0.40039763,-1.3232837,-2.6375961,-0.66444904,-3.9155793,-2.7112226,-1.2781396,-0.33466995,B,B,0.99
-0.21466368,0.09315807,-0.34092513,-0.0867489,-0.26648623,-0.45563656,0.23754188,-0.12392718,0.021644395,-0.4837275,0.36534634,-1.4249059,0.08473706,-0.6793457,-0.080590375,-0.30436325,0.1595166,-1.5519992,-0.09815748,-0.71038586,-0.09837641,-0.13154548,-0.18229823,-1.9029933,0.16444485,0.22596677,0.18346925,0.0841994,-0.13369235,-0.012990265,-0.069531396,0.43788716,-1.8692964,-0.2345594,-1.8961768,-0.060938954,2.4688847,0.22606131,-0.60080725,-1.851149,-0.26728943,A,A,0.96
0.08907207,0.6622701,-2.4634588,-1.0315771,0.8810351,0.41241485,-0.027827725,-2.1675172,1.241797,-0.6893941,-1.5717841,0.16671179,-0.9931113,-0.5806269,-0.11252362,-0.2529964,1.0195848,0.22617228,-0.104563385,-1.1111548,-0.09568812,-0.00071490026,3.8588288,1.5203004,-0.14218529,0.40887195,0.81668043,0.672366,-0.018524567,0.9830204,-1.0492989,0.11270904,0.0049185553,-0.317737,1.5834804,0.28182262,-0.29774684,-0.10756892,-0.78644097,1.5081787,4.237319,B,B,0.75
-0.17920555,0.042866483,-0.33878183,-0.254847,0.16010503,-0.40510452,0.47608703,0.3626507,-0.3344794,-0.7004584,1.2910557,-0.7364032,-0.21820228,-0.058368493,-0.03440453,-0.33395478,0.3916766,-0.29864892,-0.104499035,-0.28840908,-0.0983165,-0.13382149,-0.56132716,-0.41963246,0.40355328,0.57744426,-0.23531714,0.02824178,-0.12902741,0.36560977,-0.23761787,0.6463566,-0.093802236,-0.22941759,-0.3935483,0.39074066,-0.23901364,0.44159582,0.1282993,-0.3613276,-0.32774034,A,A,1.0
0.044153,0.13153498,1.3663453,0.1768991,0.53733975,0.19161664,0.5430808,0.8750349,0.32363117,-0.36456513,-0.78481394,-1.0995986,-0.06366856,0.55525535,-0.074301,-0.3220999,0.03483325,0.12956451,-0.093246765,-0.009767359,-0.09626629,-0.05282139,0.47463974,-0.30520043,0.6079496,0.56367594,-0.53259623,0.17240138,-0.036259815,0.6115237,0.01583828,0.076365,1.1498598,-0.15223162,-0.35143965,0.6073473,-0.71117675,0.53103995,0.73476154,-0.32481682,-0.015443814,A,A,0.93
-0.2455793,0.19713055,-0.30156776,-1.5352052,-3.0737455,-0.44279432,-3.8915553,-2.1686032,-0.4164078,2.662374,-1.5749989,-1.4160671,-1.241313,-2.6407857,0.010367551,-0.36849198,-0.7456795,-2.1754627,-0.109938525,-1.101531,-0.098516084,-0.09913108,-0.7302875,-0.85113466,-4.0251694,-3.533288,1.38528,0.2362212,-0.1461458,-2.4528089,-1.3002955,-3.6032314,0.75498986,-0.39623573,-0.81897664,-2.635867,-0.78284544,-3.9135356,-2.9884472,-0.774783,-0.33467913,B,B,0.97
-0.31423792,-6.200825,0.86712927,-1.5791981,-3.081242,-5.293962e-09,-3.8958924,-2.1733186,-0.40131295,3.5013676,-1.5736464,-1.7859374,-1.2638724,-3.5299907,-0.1053651,-0.3675324,-1.6397411e-08,-2.6854882,-0.13841335,3.0944243e-08,-0.09872355,-0.028177144,-0.7313372,-1.316089,-4.0427084,-3.5283139,1.5176575,-5.8294983,-0.17437056,-2.4558728,-1.3320235,-3.614921,0.02457301,-0.41527897,-1.281544,-2.638737,-2.3956177e-08,-3.917258,-3.3334599,-1.2213085,-0.3346837,B,B,1.0
-0.11881307,0.2397265,-0.45112213,-0.26374236,0.22548375,-0.27505758,0.15994884,-0.72292805,-0.17161928,-0.22182217,-0.8443921,0.43816406,0.0037816565,-0.3018651,-0.058942344,-0.24149758,-0.1221525,0.14715376,-0.10206426,0.83877593,-0.09806456,-0.11261367,-0.0041795946,0.6823778,0.09154442,0.24343987,-1.0285717,0.24044791,-0.112110436,0.36808926,-0.07750556,0.3623962,0.5590109,-0.13821097,0.7200805,0.37147903,-0.4081747,0.15888661,-0.32420725,0.73337954,-0.21743593,A,A,0.75
-0.207915,-0.06441892,-0.52855146,-0.039280575,0.415273,-0.4277608,-0.01864286,0.7687791,-0.2162708,0.026785586,-0.4114912,0.40158916,0.09853253,-0.036264643,-0.023459619,-0.19884704,-0.30658954,-1.2502364,-0.103812106,1.6987597,-0.09835422,-0.1373723,-0.1462019,-1.8869333,-0.045650452,-0.028129738,-1.433522,-0.029857403,-0.1319269,0.512217,0.093210846,0.20632418,1.0074375,0.015351485,-1.8787473,0.5401143,-0.72240263,-0.0033754387,-0.03705559,-1.8372812,-0.25829428,A,A,0.9
-0.18715478,0.3479665,-0.20138627,-0.056305904,0.5874865,-0.440969,0.30880496,0.7799404,-0.0029813098,-0.6867991,-1.1937795,-0.29702935,0.052816734,-0.47303414,-0.083769135,-0.2654616,0.36869076,-0.13627808,-0.0856593,1.1449356,-0.098208144,-0.11948875,0.24904695,0.50415784,0.23977315,0.29115528,-1.2647809,0.36726317,-0.121298775,0.67703396,-0.07382115,0.50391245,0.08832688,-0.2589018,0.5458135,0.70016444,-0.56726676,0.2847817,-0.46228877,0.5771605,-0.12295621,A,A,0.98
-0.120915145,0.032374926,-0.2522132,0.3666342,0.48729855,-0.28431836,0.14965051,0.626689,-0.33997267,-0.25635293,1.4089104,1.6383033,0.14333588,0.50643456,-0.10907949,-0.12667178,0.025446076,-1.056392,-0.09812151,-1.0762051,-0.09825933,-0.13504386,-0.443268,-1.8884739,0.149364,-0.037981905,1.00957,0.044290286,-0.12484889,0.5444727,0.23928984,0.4065057,-1.5498323,0.026573084,-1.896521,0.58117515,2.2902339,0.16410589,0.5226175,-1.8697658,-0.31556925,A,A,0.99
0.07346078,0.25927618,1.266782,-0.073610455,0.4459611,0.28643063,0.463287,0.8412214,-0.27919674,-0.10876703,0.25257474,0.6964381,0.0048314454,0.337379,-0.054028053,-0.15592614,-0.19741882,-0.053155083,-0.08314324,1.0796432,-0.09693948,-0.07001407,-0.30106032,-0.28897887,0.43331805,0.51080596,-0.92752826,0.23194325,-0.059727624,0.52643096,0.04075109,0.6775171,0.045604993,-0.039577957,-0.33818543,0.5625851,-0.17868273,0.46497446,0.41843817,-0.3188041,-0.29291034,A,A,0.86
-0.077556334,0.122630194,0.18164513,-0.19373646,0.15148595,-0.32035404,0.1454794,0.46701047,-0.3494087,0.12605745,1.1162714,1.2089951,-0.15174119,0.68898743,-0.073453315,-0.14572643,-0.39986467,1.2332288,-0.090381026,-1.0169852,-0.09760334,-0.10218408,-0.48968187,0.8919129,0.10351858,0.21821783,0.9271907,0.1545222,-0.087614655,0.2824539,-0.058162186,-0.052502934,0.5038032,-0.07591155,0.9184209,0.30664265,-0.7430876,0.14420262,0.6512402,0.9309428,-0.32107285,B,B,1.0
-0.11820548,0.2690986,-0.854849,1.2135669,0.50346017,-0.13270389,0.046630032,0.7258268,-0.31950152,-0.21921451,1.6519763,-0.5238958,1.3718929,-0.126601,-0.120856695,-0.23919493,-0.1223655,0.13063963,-0.109801926,-0.9960471,-0.09821936,-0.12502542,-0.5124502,0.42118645,0.09576051,-0.5586677,1.6598915,0.3075699,-0.122062266,0.41666695,1.2913828,0.19520834,0.7406317,0.11637641,0.46438748,0.47162554,-0.69192034,0.14920643,-0.22133511,0.46861494,-0.3234322,A,A,0.89
